Program,Year,Period,Week Ending,Geo Level,State,State ANSI,Ag District,Ag District Code,County,County ANSI,Zip Code,Region,watershed_code,Watershed,Commodity,Data Item,Domain,Domain Category,Value,CV (%)
CENSUS,2012,YEAR,,STATE,FLORIDA,12,,,,,,,0,,SUGARCANE,"SUGARCANE, SUGAR - PRODUCTION, MEASURED IN TONS",TOTAL,NOT SPECIFIED,"13,574,853",4.3
CENSUS,2012,YEAR,,STATE,HAWAII,15,,,,,,,0,,SUGARCANE,"SUGARCANE, SUGAR - PRODUCTION, MEASURED IN TONS",TOTAL,NOT SPECIFIED, (D),(D)
CENSUS,2012,YEAR,,STATE,LOUISIANA,22,,,,,,,0,,SUGARCANE,"SUGARCANE, SUGAR - PRODUCTION, MEASURED IN TONS",TOTAL,NOT SPECIFIED,"13,853,665",2.5
CENSUS,2012,YEAR,,STATE,TEXAS,48,,,,,,,0,,SUGARCANE,"SUGARCANE, SUGAR - PRODUCTION, MEASURED IN TONS",TOTAL,NOT SPECIFIED, (D),(D)
CENSUS,2007,YEAR,,STATE,FLORIDA,12,,,,,,,0,,SUGARCANE,"SUGARCANE, SUGAR - PRODUCTION, MEASURED IN TONS",TOTAL,NOT SPECIFIED,"14,127,121",
CENSUS,2007,YEAR,,STATE,HAWAII,15,,,,,,,0,,SUGARCANE,"SUGARCANE, SUGAR - PRODUCTION, MEASURED IN TONS",TOTAL,NOT SPECIFIED, (D),
CENSUS,2007,YEAR,,STATE,LOUISIANA,22,,,,,,,0,,SUGARCANE,"SUGARCANE, SUGAR - PRODUCTION, MEASURED IN TONS",TOTAL,NOT SPECIFIED,"14,086,448",
CENSUS,2007,YEAR,,STATE,TEXAS,48,,,,,,,0,,SUGARCANE,"SUGARCANE, SUGAR - PRODUCTION, MEASURED IN TONS",TOTAL,NOT SPECIFIED, (D),
CENSUS,2002,YEAR,,STATE,FLORIDA,12,,,,,,,0,,SUGARCANE,"SUGARCANE, SUGAR - PRODUCTION, MEASURED IN TONS",TOTAL,NOT SPECIFIED,"16,174,145",
CENSUS,2002,YEAR,,STATE,HAWAII,15,,,,,,,0,,SUGARCANE,"SUGARCANE, SUGAR - PRODUCTION, MEASURED IN TONS",TOTAL,NOT SPECIFIED, (D),
CENSUS,2002,YEAR,,STATE,LOUISIANA,22,,,,,,,0,,SUGARCANE,"SUGARCANE, SUGAR - PRODUCTION, MEASURED IN TONS",TOTAL,NOT SPECIFIED,"15,367,635",
CENSUS,2002,YEAR,,STATE,TEXAS,48,,,,,,,0,,SUGARCANE,"SUGARCANE, SUGAR - PRODUCTION, MEASURED IN TONS",TOTAL,NOT SPECIFIED, (D),
CENSUS,1997,YEAR,,STATE,FLORIDA,12,,,,,,,0,,SUGARCANE,"SUGARCANE, SUGAR - PRODUCTION, MEASURED IN TONS",TOTAL,NOT SPECIFIED,"15,728,855",
CENSUS,1997,YEAR,,STATE,HAWAII,15,,,,,,,0,,SUGARCANE,"SUGARCANE, SUGAR - PRODUCTION, MEASURED IN TONS",TOTAL,NOT SPECIFIED,"2,873,712",
CENSUS,1997,YEAR,,STATE,LOUISIANA,22,,,,,,,0,,SUGARCANE,"SUGARCANE, SUGAR - PRODUCTION, MEASURED IN TONS",TOTAL,NOT SPECIFIED,"12,616,545",
CENSUS,1997,YEAR,,STATE,TEXAS,48,,,,,,,0,,SUGARCANE,"SUGARCANE, SUGAR - PRODUCTION, MEASURED IN TONS",TOTAL,NOT SPECIFIED,"767,146",
SURVEY,2017,YEAR,,STATE,FLORIDA,12,,,,,,,0,,SUGARCANE,"SUGARCANE, SUGAR - PRODUCTION, MEASURED IN TONS",TOTAL,NOT SPECIFIED,"16,237,000",
SURVEY,2017,YEAR,,STATE,LOUISIANA,22,,,,,,,0,,SUGARCANE,"SUGARCANE, SUGAR - PRODUCTION, MEASURED IN TONS",TOTAL,NOT SPECIFIED,"13,455,000",
SURVEY,2017,YEAR,,STATE,TEXAS,48,,,,,,,0,,SUGARCANE,"SUGARCANE, SUGAR - PRODUCTION, MEASURED IN TONS",TOTAL,NOT SPECIFIED,"1,490,000",
SURVEY,2016,MARKETING YEAR,,STATE,FLORIDA,12,,,,,,,0,,SUGARCANE,"SUGARCANE, SUGAR - PRICE RECEIVED, MEASURED IN $ / TON",TOTAL,NOT SPECIFIED,38.7,
SURVEY,2016,MARKETING YEAR,,STATE,HAWAII,15,,,,,,,0,,SUGARCANE,"SUGARCANE, SUGAR - PRICE RECEIVED, MEASURED IN $ / TON",TOTAL,NOT SPECIFIED,40.7,
SURVEY,2016,MARKETING YEAR,,STATE,LOUISIANA,22,,,,,,,0,,SUGARCANE,"SUGARCANE, SUGAR - PRICE RECEIVED, MEASURED IN $ / TON",TOTAL,NOT SPECIFIED,24.6,
SURVEY,2016,MARKETING YEAR,,STATE,TEXAS,48,,,,,,,0,,SUGARCANE,"SUGARCANE, SUGAR - PRICE RECEIVED, MEASURED IN $ / TON",TOTAL,NOT SPECIFIED,20.5,
SURVEY,2016,YEAR,,STATE,FLORIDA,12,,,,,,,0,,SUGARCANE,"SUGARCANE, SUGAR - PRODUCTION, MEASURED IN $",TOTAL,NOT SPECIFIED,"623,844,000",
SURVEY,2016,YEAR,,STATE,FLORIDA,12,,,,,,,0,,SUGARCANE,"SUGARCANE, SUGAR - PRODUCTION, MEASURED IN TONS",TOTAL,NOT SPECIFIED,"16,120,000",
SURVEY,2016,YEAR,,STATE,HAWAII,15,,,,,,,0,,SUGARCANE,"SUGARCANE, SUGAR - PRODUCTION, MEASURED IN $",TOTAL,NOT SPECIFIED,"54,375,000",
SURVEY,2016,YEAR,,STATE,HAWAII,15,,,,,,,0,,SUGARCANE,"SUGARCANE, SUGAR - PRODUCTION, MEASURED IN TONS",TOTAL,NOT SPECIFIED,"1,336,000",
SURVEY,2016,YEAR,,STATE,LOUISIANA,22,,,,,,,0,,SUGARCANE,"SUGARCANE, SUGAR - PRODUCTION, MEASURED IN $",TOTAL,NOT SPECIFIED,"283,392,000",
SURVEY,2016,YEAR,,STATE,LOUISIANA,22,,,,,,,0,,SUGARCANE,"SUGARCANE, SUGAR - PRODUCTION, MEASURED IN TONS",TOTAL,NOT SPECIFIED,"11,520,000",
SURVEY,2016,YEAR,,STATE,TEXAS,48,,,,,,,0,,SUGARCANE,"SUGARCANE, SUGAR - PRODUCTION, MEASURED IN $",TOTAL,NOT SPECIFIED,"28,598,000",
SURVEY,2016,YEAR,,STATE,TEXAS,48,,,,,,,0,,SUGARCANE,"SUGARCANE, SUGAR - PRODUCTION, MEASURED IN TONS",TOTAL,NOT SPECIFIED,"1,395,000",
SURVEY,2016,YEAR - DEC FORECAST,,STATE,FLORIDA,12,,,,,,,0,,SUGARCANE,"SUGARCANE, SUGAR - PRODUCTION, MEASURED IN TONS",TOTAL,NOT SPECIFIED,"16,850,000",
SURVEY,2016,YEAR - DEC FORECAST,,STATE,HAWAII,15,,,,,,,0,,SUGARCANE,"SUGARCANE, SUGAR - PRODUCTION, MEASURED IN TONS",TOTAL,NOT SPECIFIED,"1,369,000",
SURVEY,2016,YEAR - DEC FORECAST,,STATE,LOUISIANA,22,,,,,,,0,,SUGARCANE,"SUGARCANE, SUGAR - PRODUCTION, MEASURED IN TONS",TOTAL,NOT SPECIFIED,"12,300,000",
SURVEY,2016,YEAR - DEC FORECAST,,STATE,TEXAS,48,,,,,,,0,,SUGARCANE,"SUGARCANE, SUGAR - PRODUCTION, MEASURED IN TONS",TOTAL,NOT SPECIFIED,"1,444,000",
SURVEY,2015,MARKETING YEAR,,STATE,FLORIDA,12,,,,,,,0,,SUGARCANE,"SUGARCANE, SUGAR - PRICE RECEIVED, MEASURED IN $ / TON",TOTAL,NOT SPECIFIED,35.6,
SURVEY,2015,MARKETING YEAR,,STATE,HAWAII,15,,,,,,,0,,SUGARCANE,"SUGARCANE, SUGAR - PRICE RECEIVED, MEASURED IN $ / TON",TOTAL,NOT SPECIFIED,40.7,
SURVEY,2015,MARKETING YEAR,,STATE,LOUISIANA,22,,,,,,,0,,SUGARCANE,"SUGARCANE, SUGAR - PRICE RECEIVED, MEASURED IN $ / TON",TOTAL,NOT SPECIFIED,24.7,
SURVEY,2015,MARKETING YEAR,,STATE,TEXAS,48,,,,,,,0,,SUGARCANE,"SUGARCANE, SUGAR - PRICE RECEIVED, MEASURED IN $ / TON",TOTAL,NOT SPECIFIED,21.1,
SURVEY,2015,YEAR,,STATE,FLORIDA,12,,,,,,,0,,SUGARCANE,"SUGARCANE, SUGAR - PRODUCTION, MEASURED IN $",TOTAL,NOT SPECIFIED,"602,174,000",
SURVEY,2015,YEAR,,STATE,FLORIDA,12,,,,,,,0,,SUGARCANE,"SUGARCANE, SUGAR - PRODUCTION, MEASURED IN TONS",TOTAL,NOT SPECIFIED,"16,915,000",
SURVEY,2015,YEAR,,STATE,HAWAII,15,,,,,,,0,,SUGARCANE,"SUGARCANE, SUGAR - PRODUCTION, MEASURED IN $",TOTAL,NOT SPECIFIED,"46,357,000",
SURVEY,2015,YEAR,,STATE,HAWAII,15,,,,,,,0,,SUGARCANE,"SUGARCANE, SUGAR - PRODUCTION, MEASURED IN TONS",TOTAL,NOT SPECIFIED,"1,139,000",
SURVEY,2015,YEAR,,STATE,LOUISIANA,22,,,,,,,0,,SUGARCANE,"SUGARCANE, SUGAR - PRODUCTION, MEASURED IN $",TOTAL,NOT SPECIFIED,"281,481,000",
SURVEY,2015,YEAR,,STATE,LOUISIANA,22,,,,,,,0,,SUGARCANE,"SUGARCANE, SUGAR - PRODUCTION, MEASURED IN TONS",TOTAL,NOT SPECIFIED,"11,396,000",
SURVEY,2015,YEAR,,STATE,TEXAS,48,,,,,,,0,,SUGARCANE,"SUGARCANE, SUGAR - PRODUCTION, MEASURED IN $",TOTAL,NOT SPECIFIED,"23,316,000",
SURVEY,2015,YEAR,,STATE,TEXAS,48,,,,,,,0,,SUGARCANE,"SUGARCANE, SUGAR - PRODUCTION, MEASURED IN TONS",TOTAL,NOT SPECIFIED,"1,105,000",
SURVEY,2015,YEAR - DEC FORECAST,,STATE,FLORIDA,12,,,,,,,0,,SUGARCANE,"SUGARCANE, SUGAR - PRODUCTION, MEASURED IN TONS",TOTAL,NOT SPECIFIED,"16,278,000",
SURVEY,2015,YEAR - DEC FORECAST,,STATE,HAWAII,15,,,,,,,0,,SUGARCANE,"SUGARCANE, SUGAR - PRODUCTION, MEASURED IN TONS",TOTAL,NOT SPECIFIED,"1,422,000",
SURVEY,2015,YEAR - DEC FORECAST,,STATE,LOUISIANA,22,,,,,,,0,,SUGARCANE,"SUGARCANE, SUGAR - PRODUCTION, MEASURED IN TONS",TOTAL,NOT SPECIFIED,"11,550,000",
SURVEY,2015,YEAR - DEC FORECAST,,STATE,TEXAS,48,,,,,,,0,,SUGARCANE,"SUGARCANE, SUGAR - PRODUCTION, MEASURED IN TONS",TOTAL,NOT SPECIFIED,"1,332,000",
SURVEY,2014,MARKETING YEAR,,STATE,FLORIDA,12,,,,,,,0,,SUGARCANE,"SUGARCANE, SUGAR - PRICE RECEIVED, MEASURED IN $ / TON",TOTAL,NOT SPECIFIED,36.8,
SURVEY,2014,MARKETING YEAR,,STATE,HAWAII,15,,,,,,,0,,SUGARCANE,"SUGARCANE, SUGAR - PRICE RECEIVED, MEASURED IN $ / TON",TOTAL,NOT SPECIFIED,43.1,
SURVEY,2014,MARKETING YEAR,,STATE,LOUISIANA,22,,,,,,,0,,SUGARCANE,"SUGARCANE, SUGAR - PRICE RECEIVED, MEASURED IN $ / TON",TOTAL,NOT SPECIFIED,33.6,
SURVEY,2014,MARKETING YEAR,,STATE,TEXAS,48,,,,,,,0,,SUGARCANE,"SUGARCANE, SUGAR - PRICE RECEIVED, MEASURED IN $ / TON",TOTAL,NOT SPECIFIED,9.41,
SURVEY,2014,YEAR,,STATE,FLORIDA,12,,,,,,,0,,SUGARCANE,"SUGARCANE, SUGAR - PRODUCTION, MEASURED IN $",TOTAL,NOT SPECIFIED,"553,950,000",
SURVEY,2014,YEAR,,STATE,FLORIDA,12,,,,,,,0,,SUGARCANE,"SUGARCANE, SUGAR - PRODUCTION, MEASURED IN TONS",TOTAL,NOT SPECIFIED,"15,053,000",
SURVEY,2014,YEAR,,STATE,HAWAII,15,,,,,,,0,,SUGARCANE,"SUGARCANE, SUGAR - PRODUCTION, MEASURED IN $",TOTAL,NOT SPECIFIED,"54,349,000",
SURVEY,2014,YEAR,,STATE,HAWAII,15,,,,,,,0,,SUGARCANE,"SUGARCANE, SUGAR - PRODUCTION, MEASURED IN TONS",TOTAL,NOT SPECIFIED,"1,261,000",
SURVEY,2014,YEAR,,STATE,LOUISIANA,22,,,,,,,0,,SUGARCANE,"SUGARCANE, SUGAR - PRODUCTION, MEASURED IN $",TOTAL,NOT SPECIFIED,"382,603,000",
SURVEY,2014,YEAR,,STATE,LOUISIANA,22,,,,,,,0,,SUGARCANE,"SUGARCANE, SUGAR - PRODUCTION, MEASURED IN TONS",TOTAL,NOT SPECIFIED,"11,387,000",
SURVEY,2014,YEAR,,STATE,TEXAS,48,,,,,,,0,,SUGARCANE,"SUGARCANE, SUGAR - PRODUCTION, MEASURED IN $",TOTAL,NOT SPECIFIED,"11,236,000",
SURVEY,2014,YEAR,,STATE,TEXAS,48,,,,,,,0,,SUGARCANE,"SUGARCANE, SUGAR - PRODUCTION, MEASURED IN TONS",TOTAL,NOT SPECIFIED,"1,194,000",
SURVEY,2014,YEAR - DEC FORECAST,,STATE,FLORIDA,12,,,,,,,0,,SUGARCANE,"SUGARCANE, SUGAR - PRODUCTION, MEASURED IN TONS",TOTAL,NOT SPECIFIED,"15,206,000",
SURVEY,2014,YEAR - DEC FORECAST,,STATE,HAWAII,15,,,,,,,0,,SUGARCANE,"SUGARCANE, SUGAR - PRODUCTION, MEASURED IN TONS",TOTAL,NOT SPECIFIED,"1,378,000",
SURVEY,2014,YEAR - DEC FORECAST,,STATE,LOUISIANA,22,,,,,,,0,,SUGARCANE,"SUGARCANE, SUGAR - PRODUCTION, MEASURED IN TONS",TOTAL,NOT SPECIFIED,"11,550,000",
SURVEY,2014,YEAR - DEC FORECAST,,STATE,TEXAS,48,,,,,,,0,,SUGARCANE,"SUGARCANE, SUGAR - PRODUCTION, MEASURED IN TONS",TOTAL,NOT SPECIFIED,"1,194,000",
SURVEY,2014,YEAR - FEB FORECAST,,STATE,FLORIDA,12,,,,,,,0,,SUGARCANE,"SUGARCANE, SUGAR - PRODUCTION, MEASURED IN TONS",TOTAL,NOT SPECIFIED,"15,203,000",
SURVEY,2014,YEAR - FEB FORECAST,,STATE,HAWAII,15,,,,,,,0,,SUGARCANE,"SUGARCANE, SUGAR - PRODUCTION, MEASURED IN TONS",TOTAL,NOT SPECIFIED,"1,378,000",
SURVEY,2014,YEAR - FEB FORECAST,,STATE,LOUISIANA,22,,,,,,,0,,SUGARCANE,"SUGARCANE, SUGAR - PRODUCTION, MEASURED IN TONS",TOTAL,NOT SPECIFIED,"11,550,000",
SURVEY,2014,YEAR - FEB FORECAST,,STATE,TEXAS,48,,,,,,,0,,SUGARCANE,"SUGARCANE, SUGAR - PRODUCTION, MEASURED IN TONS",TOTAL,NOT SPECIFIED,"1,194,000",
SURVEY,2013,MARKETING YEAR,,STATE,FLORIDA,12,,,,,,,0,,SUGARCANE,"SUGARCANE, SUGAR - PRICE RECEIVED, MEASURED IN $ / TON",TOTAL,NOT SPECIFIED,35.1,
SURVEY,2013,MARKETING YEAR,,STATE,HAWAII,15,,,,,,,0,,SUGARCANE,"SUGARCANE, SUGAR - PRICE RECEIVED, MEASURED IN $ / TON",TOTAL,NOT SPECIFIED,57.5,
SURVEY,2013,MARKETING YEAR,,STATE,LOUISIANA,22,,,,,,,0,,SUGARCANE,"SUGARCANE, SUGAR - PRICE RECEIVED, MEASURED IN $ / TON",TOTAL,NOT SPECIFIED,25.9,
SURVEY,2013,MARKETING YEAR,,STATE,TEXAS,48,,,,,,,0,,SUGARCANE,"SUGARCANE, SUGAR - PRICE RECEIVED, MEASURED IN $ / TON",TOTAL,NOT SPECIFIED,18.8,
SURVEY,2013,YEAR,,STATE,FLORIDA,12,,,,,,,0,,SUGARCANE,"SUGARCANE, SUGAR - PRODUCTION, MEASURED IN $",TOTAL,NOT SPECIFIED,"481,572,000",
SURVEY,2013,YEAR,,STATE,FLORIDA,12,,,,,,,0,,SUGARCANE,"SUGARCANE, SUGAR - PRODUCTION, MEASURED IN TONS",TOTAL,NOT SPECIFIED,"13,720,000",
SURVEY,2013,YEAR,,STATE,HAWAII,15,,,,,,,0,,SUGARCANE,"SUGARCANE, SUGAR - PRODUCTION, MEASURED IN $",TOTAL,NOT SPECIFIED,"77,740,000",
SURVEY,2013,YEAR,,STATE,HAWAII,15,,,,,,,0,,SUGARCANE,"SUGARCANE, SUGAR - PRODUCTION, MEASURED IN TONS",TOTAL,NOT SPECIFIED,"1,352,000",
SURVEY,2013,YEAR,,STATE,LOUISIANA,22,,,,,,,0,,SUGARCANE,"SUGARCANE, SUGAR - PRODUCTION, MEASURED IN $",TOTAL,NOT SPECIFIED,"323,880,000",
SURVEY,2013,YEAR,,STATE,LOUISIANA,22,,,,,,,0,,SUGARCANE,"SUGARCANE, SUGAR - PRODUCTION, MEASURED IN TONS",TOTAL,NOT SPECIFIED,"12,505,000",
SURVEY,2013,YEAR,,STATE,TEXAS,48,,,,,,,0,,SUGARCANE,"SUGARCANE, SUGAR - PRODUCTION, MEASURED IN $",TOTAL,NOT SPECIFIED,"27,185,000",
SURVEY,2013,YEAR,,STATE,TEXAS,48,,,,,,,0,,SUGARCANE,"SUGARCANE, SUGAR - PRODUCTION, MEASURED IN TONS",TOTAL,NOT SPECIFIED,"1,446,000",
SURVEY,2013,YEAR - DEC FORECAST,,STATE,FLORIDA,12,,,,,,,0,,SUGARCANE,"SUGARCANE, SUGAR - PRODUCTION, MEASURED IN TONS",TOTAL,NOT SPECIFIED,"14,530,000",
SURVEY,2013,YEAR - DEC FORECAST,,STATE,HAWAII,15,,,,,,,0,,SUGARCANE,"SUGARCANE, SUGAR - PRODUCTION, MEASURED IN TONS",TOTAL,NOT SPECIFIED,"1,368,000",
SURVEY,2013,YEAR - DEC FORECAST,,STATE,LOUISIANA,22,,,,,,,0,,SUGARCANE,"SUGARCANE, SUGAR - PRODUCTION, MEASURED IN TONS",TOTAL,NOT SPECIFIED,"13,120,000",
SURVEY,2013,YEAR - DEC FORECAST,,STATE,TEXAS,48,,,,,,,0,,SUGARCANE,"SUGARCANE, SUGAR - PRODUCTION, MEASURED IN TONS",TOTAL,NOT SPECIFIED,"1,446,000",
SURVEY,2013,YEAR - FEB FORECAST,,STATE,FLORIDA,12,,,,,,,0,,SUGARCANE,"SUGARCANE, SUGAR - PRODUCTION, MEASURED IN TONS",TOTAL,NOT SPECIFIED,"14,530,000",
SURVEY,2012,MARKETING YEAR,,STATE,FLORIDA,12,,,,,,,0,,SUGARCANE,"SUGARCANE, SUGAR - PRICE RECEIVED, MEASURED IN $ / TON",TOTAL,NOT SPECIFIED,44.5,
SURVEY,2012,MARKETING YEAR,,STATE,HAWAII,15,,,,,,,0,,SUGARCANE,"SUGARCANE, SUGAR - PRICE RECEIVED, MEASURED IN $ / TON",TOTAL,NOT SPECIFIED,58.1,
SURVEY,2012,MARKETING YEAR,,STATE,LOUISIANA,22,,,,,,,0,,SUGARCANE,"SUGARCANE, SUGAR - PRICE RECEIVED, MEASURED IN $ / TON",TOTAL,NOT SPECIFIED,38.8,
SURVEY,2012,MARKETING YEAR,,STATE,TEXAS,48,,,,,,,0,,SUGARCANE,"SUGARCANE, SUGAR - PRICE RECEIVED, MEASURED IN $ / TON",TOTAL,NOT SPECIFIED,29.9,
SURVEY,2012,YEAR,,STATE,FLORIDA,12,,,,,,,0,,SUGARCANE,"SUGARCANE, SUGAR - PRODUCTION, MEASURED IN $",TOTAL,NOT SPECIFIED,"644,983,000",
SURVEY,2012,YEAR,,STATE,FLORIDA,12,,,,,,,0,,SUGARCANE,"SUGARCANE, SUGAR - PRODUCTION, MEASURED IN TONS",TOTAL,NOT SPECIFIED,"14,494,000",
SURVEY,2012,YEAR,,STATE,HAWAII,15,,,,,,,0,,SUGARCANE,"SUGARCANE, SUGAR - PRODUCTION, MEASURED IN $",TOTAL,NOT SPECIFIED,"73,322,000",
SURVEY,2012,YEAR,,STATE,HAWAII,15,,,,,,,0,,SUGARCANE,"SUGARCANE, SUGAR - PRODUCTION, MEASURED IN TONS",TOTAL,NOT SPECIFIED,"1,262,000",
SURVEY,2012,YEAR,,STATE,LOUISIANA,22,,,,,,,0,,SUGARCANE,"SUGARCANE, SUGAR - PRODUCTION, MEASURED IN $",TOTAL,NOT SPECIFIED,"512,160,000",
SURVEY,2012,YEAR,,STATE,LOUISIANA,22,,,,,,,0,,SUGARCANE,"SUGARCANE, SUGAR - PRODUCTION, MEASURED IN TONS",TOTAL,NOT SPECIFIED,"13,200,000",
SURVEY,2012,YEAR,,STATE,TEXAS,48,,,,,,,0,,SUGARCANE,"SUGARCANE, SUGAR - PRODUCTION, MEASURED IN $",TOTAL,NOT SPECIFIED,"46,166,000",
SURVEY,2012,YEAR,,STATE,TEXAS,48,,,,,,,0,,SUGARCANE,"SUGARCANE, SUGAR - PRODUCTION, MEASURED IN TONS",TOTAL,NOT SPECIFIED,"1,544,000",
SURVEY,2012,YEAR - DEC FORECAST,,STATE,FLORIDA,12,,,,,,,0,,SUGARCANE,"SUGARCANE, SUGAR - PRODUCTION, MEASURED IN TONS",TOTAL,NOT SPECIFIED,"14,878,000",
SURVEY,2012,YEAR - DEC FORECAST,,STATE,HAWAII,15,,,,,,,0,,SUGARCANE,"SUGARCANE, SUGAR - PRODUCTION, MEASURED IN TONS",TOTAL,NOT SPECIFIED,"1,314,000",
SURVEY,2012,YEAR - DEC FORECAST,,STATE,LOUISIANA,22,,,,,,,0,,SUGARCANE,"SUGARCANE, SUGAR - PRODUCTION, MEASURED IN TONS",TOTAL,NOT SPECIFIED,"13,200,000",
SURVEY,2012,YEAR - DEC FORECAST,,STATE,TEXAS,48,,,,,,,0,,SUGARCANE,"SUGARCANE, SUGAR - PRODUCTION, MEASURED IN TONS",TOTAL,NOT SPECIFIED,"1,544,000",
SURVEY,2012,YEAR - FEB FORECAST,,STATE,FLORIDA,12,,,,,,,0,,SUGARCANE,"SUGARCANE, SUGAR - PRODUCTION, MEASURED IN TONS",TOTAL,NOT SPECIFIED,"14,878,000",
SURVEY,2011,MARKETING YEAR,,STATE,FLORIDA,12,,,,,,,0,,SUGARCANE,"SUGARCANE, SUGAR - PRICE RECEIVED, MEASURED IN $ / TON",TOTAL,NOT SPECIFIED,45.1,
SURVEY,2011,MARKETING YEAR,,STATE,HAWAII,15,,,,,,,0,,SUGARCANE,"SUGARCANE, SUGAR - PRICE RECEIVED, MEASURED IN $ / TON",TOTAL,NOT SPECIFIED,60.7,
SURVEY,2011,MARKETING YEAR,,STATE,LOUISIANA,22,,,,,,,0,,SUGARCANE,"SUGARCANE, SUGAR - PRICE RECEIVED, MEASURED IN $ / TON",TOTAL,NOT SPECIFIED,50.4,
SURVEY,2011,MARKETING YEAR,,STATE,TEXAS,48,,,,,,,0,,SUGARCANE,"SUGARCANE, SUGAR - PRICE RECEIVED, MEASURED IN $ / TON",TOTAL,NOT SPECIFIED,33.4,
SURVEY,2011,YEAR,,STATE,FLORIDA,12,,,,,,,0,,SUGARCANE,"SUGARCANE, SUGAR - PRODUCTION, MEASURED IN $",TOTAL,NOT SPECIFIED,"642,675,000",
SURVEY,2011,YEAR,,STATE,FLORIDA,12,,,,,,,0,,SUGARCANE,"SUGARCANE, SUGAR - PRODUCTION, MEASURED IN TONS",TOTAL,NOT SPECIFIED,"14,250,000",
SURVEY,2011,YEAR,,STATE,HAWAII,15,,,,,,,0,,SUGARCANE,"SUGARCANE, SUGAR - PRODUCTION, MEASURED IN $",TOTAL,NOT SPECIFIED,"78,121,000",
SURVEY,2011,YEAR,,STATE,HAWAII,15,,,,,,,0,,SUGARCANE,"SUGARCANE, SUGAR - PRODUCTION, MEASURED IN TONS",TOTAL,NOT SPECIFIED,"1,287,000",
SURVEY,2011,YEAR,,STATE,LOUISIANA,22,,,,,,,0,,SUGARCANE,"SUGARCANE, SUGAR - PRODUCTION, MEASURED IN $",TOTAL,NOT SPECIFIED,"535,550,000",
SURVEY,2011,YEAR,,STATE,LOUISIANA,22,,,,,,,0,,SUGARCANE,"SUGARCANE, SUGAR - PRODUCTION, MEASURED IN TONS",TOTAL,NOT SPECIFIED,"10,626,000",
SURVEY,2011,YEAR,,STATE,TEXAS,48,,,,,,,0,,SUGARCANE,"SUGARCANE, SUGAR - PRODUCTION, MEASURED IN $",TOTAL,NOT SPECIFIED,"52,605,000",
SURVEY,2011,YEAR,,STATE,TEXAS,48,,,,,,,0,,SUGARCANE,"SUGARCANE, SUGAR - PRODUCTION, MEASURED IN TONS",TOTAL,NOT SPECIFIED,"1,575,000",
SURVEY,2011,YEAR - DEC FORECAST,,STATE,FLORIDA,12,,,,,,,0,,SUGARCANE,"SUGARCANE, SUGAR - PRODUCTION, MEASURED IN TONS",TOTAL,NOT SPECIFIED,"13,079,000",
SURVEY,2011,YEAR - DEC FORECAST,,STATE,HAWAII,15,,,,,,,0,,SUGARCANE,"SUGARCANE, SUGAR - PRODUCTION, MEASURED IN TONS",TOTAL,NOT SPECIFIED,"1,271,000",
SURVEY,2011,YEAR - DEC FORECAST,,STATE,LOUISIANA,22,,,,,,,0,,SUGARCANE,"SUGARCANE, SUGAR - PRODUCTION, MEASURED IN TONS",TOTAL,NOT SPECIFIED,"10,780,000",
SURVEY,2011,YEAR - DEC FORECAST,,STATE,TEXAS,48,,,,,,,0,,SUGARCANE,"SUGARCANE, SUGAR - PRODUCTION, MEASURED IN TONS",TOTAL,NOT SPECIFIED,"1,575,000",
SURVEY,2011,YEAR - FEB FORECAST,,STATE,FLORIDA,12,,,,,,,0,,SUGARCANE,"SUGARCANE, SUGAR - PRODUCTION, MEASURED IN TONS",TOTAL,NOT SPECIFIED,"13,455,000",
SURVEY,2010,MARKETING YEAR,,STATE,FLORIDA,12,,,,,,,0,,SUGARCANE,"SUGARCANE, SUGAR - PRICE RECEIVED, MEASURED IN $ / TON",TOTAL,NOT SPECIFIED,38,
SURVEY,2010,MARKETING YEAR,,STATE,HAWAII,15,,,,,,,0,,SUGARCANE,"SUGARCANE, SUGAR - PRICE RECEIVED, MEASURED IN $ / TON",TOTAL,NOT SPECIFIED,58.4,
SURVEY,2010,MARKETING YEAR,,STATE,LOUISIANA,22,,,,,,,0,,SUGARCANE,"SUGARCANE, SUGAR - PRICE RECEIVED, MEASURED IN $ / TON",TOTAL,NOT SPECIFIED,45.2,
SURVEY,2010,MARKETING YEAR,,STATE,TEXAS,48,,,,,,,0,,SUGARCANE,"SUGARCANE, SUGAR - PRICE RECEIVED, MEASURED IN $ / TON",TOTAL,NOT SPECIFIED,32.2,
SURVEY,2010,YEAR,,STATE,FLORIDA,12,,,,,,,0,,SUGARCANE,"SUGARCANE, SUGAR - PRODUCTION, MEASURED IN $",TOTAL,NOT SPECIFIED,"464,740,000",
SURVEY,2010,YEAR,,STATE,FLORIDA,12,,,,,,,0,,SUGARCANE,"SUGARCANE, SUGAR - PRODUCTION, MEASURED IN TONS",TOTAL,NOT SPECIFIED,"12,230,000",
SURVEY,2010,YEAR,,STATE,HAWAII,15,,,,,,,0,,SUGARCANE,"SUGARCANE, SUGAR - PRODUCTION, MEASURED IN $",TOTAL,NOT SPECIFIED,"69,788,000",
SURVEY,2010,YEAR,,STATE,HAWAII,15,,,,,,,0,,SUGARCANE,"SUGARCANE, SUGAR - PRODUCTION, MEASURED IN TONS",TOTAL,NOT SPECIFIED,"1,195,000",
SURVEY,2010,YEAR,,STATE,LOUISIANA,22,,,,,,,0,,SUGARCANE,"SUGARCANE, SUGAR - PRODUCTION, MEASURED IN $",TOTAL,NOT SPECIFIED,"490,058,000",
SURVEY,2010,YEAR,,STATE,LOUISIANA,22,,,,,,,0,,SUGARCANE,"SUGARCANE, SUGAR - PRODUCTION, MEASURED IN TONS",TOTAL,NOT SPECIFIED,"10,842,000",
SURVEY,2010,YEAR,,STATE,TEXAS,48,,,,,,,0,,SUGARCANE,"SUGARCANE, SUGAR - PRODUCTION, MEASURED IN $",TOTAL,NOT SPECIFIED,"44,951,000",
SURVEY,2010,YEAR,,STATE,TEXAS,48,,,,,,,0,,SUGARCANE,"SUGARCANE, SUGAR - PRODUCTION, MEASURED IN TONS",TOTAL,NOT SPECIFIED,"1,396,000",
SURVEY,2009,MARKETING YEAR,,STATE,FLORIDA,12,,,,,,,0,,SUGARCANE,"SUGARCANE, SUGAR - PRICE RECEIVED, MEASURED IN $ / TON",TOTAL,NOT SPECIFIED,39.5,
SURVEY,2009,MARKETING YEAR,,STATE,HAWAII,15,,,,,,,0,,SUGARCANE,"SUGARCANE, SUGAR - PRICE RECEIVED, MEASURED IN $ / TON",TOTAL,NOT SPECIFIED,33.2,
SURVEY,2009,MARKETING YEAR,,STATE,LOUISIANA,22,,,,,,,0,,SUGARCANE,"SUGARCANE, SUGAR - PRICE RECEIVED, MEASURED IN $ / TON",TOTAL,NOT SPECIFIED,31.3,
SURVEY,2009,MARKETING YEAR,,STATE,TEXAS,48,,,,,,,0,,SUGARCANE,"SUGARCANE, SUGAR - PRICE RECEIVED, MEASURED IN $ / TON",TOTAL,NOT SPECIFIED,22.3,
SURVEY,2009,YEAR,,STATE,FLORIDA,12,,,,,,,0,,SUGARCANE,"SUGARCANE, SUGAR - PRODUCTION, MEASURED IN $",TOTAL,NOT SPECIFIED,"524,679,000",
SURVEY,2009,YEAR,,STATE,FLORIDA,12,,,,,,,0,,SUGARCANE,"SUGARCANE, SUGAR - PRODUCTION, MEASURED IN TONS",TOTAL,NOT SPECIFIED,"13,283,000",
SURVEY,2009,YEAR,,STATE,HAWAII,15,,,,,,,0,,SUGARCANE,"SUGARCANE, SUGAR - PRODUCTION, MEASURED IN $",TOTAL,NOT SPECIFIED,"44,222,000",
SURVEY,2009,YEAR,,STATE,HAWAII,15,,,,,,,0,,SUGARCANE,"SUGARCANE, SUGAR - PRODUCTION, MEASURED IN TONS",TOTAL,NOT SPECIFIED,"1,332,000",
SURVEY,2009,YEAR,,STATE,LOUISIANA,22,,,,,,,0,,SUGARCANE,"SUGARCANE, SUGAR - PRODUCTION, MEASURED IN $",TOTAL,NOT SPECIFIED,"393,065,000",
SURVEY,2009,YEAR,,STATE,LOUISIANA,22,,,,,,,0,,SUGARCANE,"SUGARCANE, SUGAR - PRODUCTION, MEASURED IN TONS",TOTAL,NOT SPECIFIED,"12,558,000",
SURVEY,2009,YEAR,,STATE,TEXAS,48,,,,,,,0,,SUGARCANE,"SUGARCANE, SUGAR - PRODUCTION, MEASURED IN $",TOTAL,NOT SPECIFIED,"29,458,000",
SURVEY,2009,YEAR,,STATE,TEXAS,48,,,,,,,0,,SUGARCANE,"SUGARCANE, SUGAR - PRODUCTION, MEASURED IN TONS",TOTAL,NOT SPECIFIED,"1,321,000",
SURVEY,2008,MARKETING YEAR,,STATE,FLORIDA,12,,,,,,,0,,SUGARCANE,"SUGARCANE, SUGAR - PRICE RECEIVED, MEASURED IN $ / TON",TOTAL,NOT SPECIFIED,30.1,
SURVEY,2008,MARKETING YEAR,,STATE,HAWAII,15,,,,,,,0,,SUGARCANE,"SUGARCANE, SUGAR - PRICE RECEIVED, MEASURED IN $ / TON",TOTAL,NOT SPECIFIED,31.1,
SURVEY,2008,MARKETING YEAR,,STATE,LOUISIANA,22,,,,,,,0,,SUGARCANE,"SUGARCANE, SUGAR - PRICE RECEIVED, MEASURED IN $ / TON",TOTAL,NOT SPECIFIED,29.1,
SURVEY,2008,MARKETING YEAR,,STATE,TEXAS,48,,,,,,,0,,SUGARCANE,"SUGARCANE, SUGAR - PRICE RECEIVED, MEASURED IN $ / TON",TOTAL,NOT SPECIFIED,25.5,
SURVEY,2008,YEAR,,STATE,FLORIDA,12,,,,,,,0,,SUGARCANE,"SUGARCANE, SUGAR - PRODUCTION, MEASURED IN $",TOTAL,NOT SPECIFIED,"380,283,000",
SURVEY,2008,YEAR,,STATE,FLORIDA,12,,,,,,,0,,SUGARCANE,"SUGARCANE, SUGAR - PRODUCTION, MEASURED IN TONS",TOTAL,NOT SPECIFIED,"12,634,000",
SURVEY,2008,YEAR,,STATE,HAWAII,15,,,,,,,0,,SUGARCANE,"SUGARCANE, SUGAR - PRODUCTION, MEASURED IN $",TOTAL,NOT SPECIFIED,"44,224,000",
SURVEY,2008,YEAR,,STATE,HAWAII,15,,,,,,,0,,SUGARCANE,"SUGARCANE, SUGAR - PRODUCTION, MEASURED IN TONS",TOTAL,NOT SPECIFIED,"1,422,000",
SURVEY,2008,YEAR,,STATE,LOUISIANA,22,,,,,,,0,,SUGARCANE,"SUGARCANE, SUGAR - PRODUCTION, MEASURED IN $",TOTAL,NOT SPECIFIED,"312,941,000",
SURVEY,2008,YEAR,,STATE,LOUISIANA,22,,,,,,,0,,SUGARCANE,"SUGARCANE, SUGAR - PRODUCTION, MEASURED IN TONS",TOTAL,NOT SPECIFIED,"10,754,000",
SURVEY,2008,YEAR,,STATE,TEXAS,48,,,,,,,0,,SUGARCANE,"SUGARCANE, SUGAR - PRODUCTION, MEASURED IN $",TOTAL,NOT SPECIFIED,"33,686,000",
SURVEY,2008,YEAR,,STATE,TEXAS,48,,,,,,,0,,SUGARCANE,"SUGARCANE, SUGAR - PRODUCTION, MEASURED IN TONS",TOTAL,NOT SPECIFIED,"1,321,000",
SURVEY,2007,MARKETING YEAR,,STATE,FLORIDA,12,,,,,,,0,,SUGARCANE,"SUGARCANE, SUGAR - PRICE RECEIVED, MEASURED IN $ / TON",TOTAL,NOT SPECIFIED,31.6,
SURVEY,2007,MARKETING YEAR,,STATE,HAWAII,15,,,,,,,0,,SUGARCANE,"SUGARCANE, SUGAR - PRICE RECEIVED, MEASURED IN $ / TON",TOTAL,NOT SPECIFIED,31.9,
SURVEY,2007,MARKETING YEAR,,STATE,LOUISIANA,22,,,,,,,0,,SUGARCANE,"SUGARCANE, SUGAR - PRICE RECEIVED, MEASURED IN $ / TON",TOTAL,NOT SPECIFIED,27.3,
SURVEY,2007,MARKETING YEAR,,STATE,TEXAS,48,,,,,,,0,,SUGARCANE,"SUGARCANE, SUGAR - PRICE RECEIVED, MEASURED IN $ / TON",TOTAL,NOT SPECIFIED,23.4,
SURVEY,2007,YEAR,,STATE,FLORIDA,12,,,,,,,0,,SUGARCANE,"SUGARCANE, SUGAR - PRODUCTION, MEASURED IN $",TOTAL,NOT SPECIFIED,"426,600,000",
SURVEY,2007,YEAR,,STATE,FLORIDA,12,,,,,,,0,,SUGARCANE,"SUGARCANE, SUGAR - PRODUCTION, MEASURED IN TONS",TOTAL,NOT SPECIFIED,"13,500,000",
SURVEY,2007,YEAR,,STATE,HAWAII,15,,,,,,,0,,SUGARCANE,"SUGARCANE, SUGAR - PRODUCTION, MEASURED IN $",TOTAL,NOT SPECIFIED,"47,627,000",
SURVEY,2007,YEAR,,STATE,HAWAII,15,,,,,,,0,,SUGARCANE,"SUGARCANE, SUGAR - PRODUCTION, MEASURED IN TONS",TOTAL,NOT SPECIFIED,"1,493,000",
SURVEY,2007,YEAR,,STATE,LOUISIANA,22,,,,,,,0,,SUGARCANE,"SUGARCANE, SUGAR - PRODUCTION, MEASURED IN $",TOTAL,NOT SPECIFIED,"323,669,000",
SURVEY,2007,YEAR,,STATE,LOUISIANA,22,,,,,,,0,,SUGARCANE,"SUGARCANE, SUGAR - PRODUCTION, MEASURED IN TONS",TOTAL,NOT SPECIFIED,"11,856,000",
SURVEY,2007,YEAR,,STATE,TEXAS,48,,,,,,,0,,SUGARCANE,"SUGARCANE, SUGAR - PRODUCTION, MEASURED IN $",TOTAL,NOT SPECIFIED,"33,322,000",
SURVEY,2007,YEAR,,STATE,TEXAS,48,,,,,,,0,,SUGARCANE,"SUGARCANE, SUGAR - PRODUCTION, MEASURED IN TONS",TOTAL,NOT SPECIFIED,"1,424,000",
SURVEY,2006,MARKETING YEAR,,STATE,FLORIDA,12,,,,,,,0,,SUGARCANE,"SUGARCANE, SUGAR - PRICE RECEIVED, MEASURED IN $ / TON",TOTAL,NOT SPECIFIED,31.1,
SURVEY,2006,MARKETING YEAR,,STATE,HAWAII,15,,,,,,,0,,SUGARCANE,"SUGARCANE, SUGAR - PRICE RECEIVED, MEASURED IN $ / TON",TOTAL,NOT SPECIFIED,31.1,
SURVEY,2006,MARKETING YEAR,,STATE,LOUISIANA,22,,,,,,,0,,SUGARCANE,"SUGARCANE, SUGAR - PRICE RECEIVED, MEASURED IN $ / TON",TOTAL,NOT SPECIFIED,29.6,
SURVEY,2006,MARKETING YEAR,,STATE,TEXAS,48,,,,,,,0,,SUGARCANE,"SUGARCANE, SUGAR - PRICE RECEIVED, MEASURED IN $ / TON",TOTAL,NOT SPECIFIED,28.7,
SURVEY,2006,YEAR,,STATE,FLORIDA,12,,,,,,,0,,SUGARCANE,"SUGARCANE, SUGAR - PRODUCTION, MEASURED IN $",TOTAL,NOT SPECIFIED,"425,324,000",
SURVEY,2006,YEAR,,STATE,FLORIDA,12,,,,,,,0,,SUGARCANE,"SUGARCANE, SUGAR - PRODUCTION, MEASURED IN TONS",TOTAL,NOT SPECIFIED,"13,676,000",
SURVEY,2006,YEAR,,STATE,HAWAII,15,,,,,,,0,,SUGARCANE,"SUGARCANE, SUGAR - PRODUCTION, MEASURED IN $",TOTAL,NOT SPECIFIED,"50,195,000",
SURVEY,2006,YEAR,,STATE,HAWAII,15,,,,,,,0,,SUGARCANE,"SUGARCANE, SUGAR - PRODUCTION, MEASURED IN TONS",TOTAL,NOT SPECIFIED,"1,614,000",
SURVEY,2006,YEAR,,STATE,LOUISIANA,22,,,,,,,0,,SUGARCANE,"SUGARCANE, SUGAR - PRODUCTION, MEASURED IN $",TOTAL,NOT SPECIFIED,"327,287,000",
SURVEY,2006,YEAR,,STATE,LOUISIANA,22,,,,,,,0,,SUGARCANE,"SUGARCANE, SUGAR - PRODUCTION, MEASURED IN TONS",TOTAL,NOT SPECIFIED,"11,057,000",
SURVEY,2006,YEAR,,STATE,TEXAS,48,,,,,,,0,,SUGARCANE,"SUGARCANE, SUGAR - PRODUCTION, MEASURED IN $",TOTAL,NOT SPECIFIED,"46,351,000",
SURVEY,2006,YEAR,,STATE,TEXAS,48,,,,,,,0,,SUGARCANE,"SUGARCANE, SUGAR - PRODUCTION, MEASURED IN TONS",TOTAL,NOT SPECIFIED,"1,615,000",
SURVEY,2005,MARKETING YEAR,,STATE,FLORIDA,12,,,,,,,0,,SUGARCANE,"SUGARCANE, SUGAR - PRICE RECEIVED, MEASURED IN $ / TON",TOTAL,NOT SPECIFIED,28,
SURVEY,2005,MARKETING YEAR,,STATE,HAWAII,15,,,,,,,0,,SUGARCANE,"SUGARCANE, SUGAR - PRICE RECEIVED, MEASURED IN $ / TON",TOTAL,NOT SPECIFIED,33.6,
SURVEY,2005,MARKETING YEAR,,STATE,LOUISIANA,22,,,,,,,0,,SUGARCANE,"SUGARCANE, SUGAR - PRICE RECEIVED, MEASURED IN $ / TON",TOTAL,NOT SPECIFIED,27.1,
SURVEY,2005,MARKETING YEAR,,STATE,TEXAS,48,,,,,,,0,,SUGARCANE,"SUGARCANE, SUGAR - PRICE RECEIVED, MEASURED IN $ / TON",TOTAL,NOT SPECIFIED,33.4,
SURVEY,2005,YEAR,,STATE,FLORIDA,12,,,,,,,0,,SUGARCANE,"SUGARCANE, SUGAR - PRODUCTION, MEASURED IN $",TOTAL,NOT SPECIFIED,"330,568,000",
SURVEY,2005,YEAR,,STATE,FLORIDA,12,,,,,,,0,,SUGARCANE,"SUGARCANE, SUGAR - PRODUCTION, MEASURED IN TONS",TOTAL,NOT SPECIFIED,"11,806,000",
SURVEY,2005,YEAR,,STATE,HAWAII,15,,,,,,,0,,SUGARCANE,"SUGARCANE, SUGAR - PRODUCTION, MEASURED IN $",TOTAL,NOT SPECIFIED,"58,901,000",
SURVEY,2005,YEAR,,STATE,HAWAII,15,,,,,,,0,,SUGARCANE,"SUGARCANE, SUGAR - PRODUCTION, MEASURED IN TONS",TOTAL,NOT SPECIFIED,"1,753,000",
SURVEY,2005,YEAR,,STATE,LOUISIANA,22,,,,,,,0,,SUGARCANE,"SUGARCANE, SUGAR - PRODUCTION, MEASURED IN $",TOTAL,NOT SPECIFIED,"260,648,000",
SURVEY,2005,YEAR,,STATE,LOUISIANA,22,,,,,,,0,,SUGARCANE,"SUGARCANE, SUGAR - PRODUCTION, MEASURED IN TONS",TOTAL,NOT SPECIFIED,"9,618,000",
SURVEY,2005,YEAR,,STATE,TEXAS,48,,,,,,,0,,SUGARCANE,"SUGARCANE, SUGAR - PRODUCTION, MEASURED IN $",TOTAL,NOT SPECIFIED,"51,803,000",
SURVEY,2005,YEAR,,STATE,TEXAS,48,,,,,,,0,,SUGARCANE,"SUGARCANE, SUGAR - PRODUCTION, MEASURED IN TONS",TOTAL,NOT SPECIFIED,"1,551,000",
SURVEY,2004,MARKETING YEAR,,STATE,FLORIDA,12,,,,,,,0,,SUGARCANE,"SUGARCANE, SUGAR - PRICE RECEIVED, MEASURED IN $ / TON",TOTAL,NOT SPECIFIED,30.3,
SURVEY,2004,MARKETING YEAR,,STATE,HAWAII,15,,,,,,,0,,SUGARCANE,"SUGARCANE, SUGAR - PRICE RECEIVED, MEASURED IN $ / TON",TOTAL,NOT SPECIFIED,31.1,
SURVEY,2004,MARKETING YEAR,,STATE,LOUISIANA,22,,,,,,,0,,SUGARCANE,"SUGARCANE, SUGAR - PRICE RECEIVED, MEASURED IN $ / TON",TOTAL,NOT SPECIFIED,25.3,
SURVEY,2004,MARKETING YEAR,,STATE,TEXAS,48,,,,,,,0,,SUGARCANE,"SUGARCANE, SUGAR - PRICE RECEIVED, MEASURED IN $ / TON",TOTAL,NOT SPECIFIED,27.7,
SURVEY,2004,YEAR,,STATE,FLORIDA,12,,,,,,,0,,SUGARCANE,"SUGARCANE, SUGAR - PRODUCTION, MEASURED IN $",TOTAL,NOT SPECIFIED,"407,141,000",
SURVEY,2004,YEAR,,STATE,FLORIDA,12,,,,,,,0,,SUGARCANE,"SUGARCANE, SUGAR - PRODUCTION, MEASURED IN TONS",TOTAL,NOT SPECIFIED,"13,437,000",
SURVEY,2004,YEAR,,STATE,HAWAII,15,,,,,,,0,,SUGARCANE,"SUGARCANE, SUGAR - PRODUCTION, MEASURED IN $",TOTAL,NOT SPECIFIED,"61,547,000",
SURVEY,2004,YEAR,,STATE,HAWAII,15,,,,,,,0,,SUGARCANE,"SUGARCANE, SUGAR - PRODUCTION, MEASURED IN TONS",TOTAL,NOT SPECIFIED,"1,979,000",
SURVEY,2004,YEAR,,STATE,LOUISIANA,22,,,,,,,0,,SUGARCANE,"SUGARCANE, SUGAR - PRODUCTION, MEASURED IN $",TOTAL,NOT SPECIFIED,"258,920,000",
SURVEY,2004,YEAR,,STATE,LOUISIANA,22,,,,,,,0,,SUGARCANE,"SUGARCANE, SUGAR - PRODUCTION, MEASURED IN TONS",TOTAL,NOT SPECIFIED,"10,234,000",
SURVEY,2004,YEAR,,STATE,TEXAS,48,,,,,,,0,,SUGARCANE,"SUGARCANE, SUGAR - PRODUCTION, MEASURED IN $",TOTAL,NOT SPECIFIED,"44,126,000",
SURVEY,2004,YEAR,,STATE,TEXAS,48,,,,,,,0,,SUGARCANE,"SUGARCANE, SUGAR - PRODUCTION, MEASURED IN TONS",TOTAL,NOT SPECIFIED,"1,593,000",
SURVEY,2003,MARKETING YEAR,,STATE,FLORIDA,12,,,,,,,0,,SUGARCANE,"SUGARCANE, SUGAR - PRICE RECEIVED, MEASURED IN $ / TON",TOTAL,NOT SPECIFIED,31.9,
SURVEY,2003,MARKETING YEAR,,STATE,HAWAII,15,,,,,,,0,,SUGARCANE,"SUGARCANE, SUGAR - PRICE RECEIVED, MEASURED IN $ / TON",TOTAL,NOT SPECIFIED,31.7,
SURVEY,2003,MARKETING YEAR,,STATE,LOUISIANA,22,,,,,,,0,,SUGARCANE,"SUGARCANE, SUGAR - PRICE RECEIVED, MEASURED IN $ / TON",TOTAL,NOT SPECIFIED,25.8,
SURVEY,2003,MARKETING YEAR,,STATE,TEXAS,48,,,,,,,0,,SUGARCANE,"SUGARCANE, SUGAR - PRICE RECEIVED, MEASURED IN $ / TON",TOTAL,NOT SPECIFIED,30.1,
SURVEY,2003,YEAR,,STATE,FLORIDA,12,,,,,,,0,,SUGARCANE,"SUGARCANE, SUGAR - PRODUCTION, MEASURED IN $",TOTAL,NOT SPECIFIED,"525,297,000",
SURVEY,2003,YEAR,,STATE,FLORIDA,12,,,,,,,0,,SUGARCANE,"SUGARCANE, SUGAR - PRODUCTION, MEASURED IN TONS",TOTAL,NOT SPECIFIED,"16,467,000",
SURVEY,2003,YEAR,,STATE,HAWAII,15,,,,,,,0,,SUGARCANE,"SUGARCANE, SUGAR - PRODUCTION, MEASURED IN $",TOTAL,NOT SPECIFIED,"64,351,000",
SURVEY,2003,YEAR,,STATE,HAWAII,15,,,,,,,0,,SUGARCANE,"SUGARCANE, SUGAR - PRODUCTION, MEASURED IN TONS",TOTAL,NOT SPECIFIED,"2,030,000",
SURVEY,2003,YEAR,,STATE,LOUISIANA,22,,,,,,,0,,SUGARCANE,"SUGARCANE, SUGAR - PRODUCTION, MEASURED IN $",TOTAL,NOT SPECIFIED,"304,182,000",
SURVEY,2003,YEAR,,STATE,LOUISIANA,22,,,,,,,0,,SUGARCANE,"SUGARCANE, SUGAR - PRODUCTION, MEASURED IN TONS",TOTAL,NOT SPECIFIED,"11,790,000",
SURVEY,2003,YEAR,,STATE,TEXAS,48,,,,,,,0,,SUGARCANE,"SUGARCANE, SUGAR - PRODUCTION, MEASURED IN $",TOTAL,NOT SPECIFIED,"49,816,000",
SURVEY,2003,YEAR,,STATE,TEXAS,48,,,,,,,0,,SUGARCANE,"SUGARCANE, SUGAR - PRODUCTION, MEASURED IN TONS",TOTAL,NOT SPECIFIED,"1,655,000",
SURVEY,2002,MARKETING YEAR,,STATE,FLORIDA,12,,,,,,,0,,SUGARCANE,"SUGARCANE, SUGAR - PRICE RECEIVED, MEASURED IN $ / TON",TOTAL,NOT SPECIFIED,31.7,
SURVEY,2002,MARKETING YEAR,,STATE,HAWAII,15,,,,,,,0,,SUGARCANE,"SUGARCANE, SUGAR - PRICE RECEIVED, MEASURED IN $ / TON",TOTAL,NOT SPECIFIED,30.5,
SURVEY,2002,MARKETING YEAR,,STATE,LOUISIANA,22,,,,,,,0,,SUGARCANE,"SUGARCANE, SUGAR - PRICE RECEIVED, MEASURED IN $ / TON",TOTAL,NOT SPECIFIED,23.5,
SURVEY,2002,MARKETING YEAR,,STATE,TEXAS,48,,,,,,,0,,SUGARCANE,"SUGARCANE, SUGAR - PRICE RECEIVED, MEASURED IN $ / TON",TOTAL,NOT SPECIFIED,30.3,
SURVEY,2002,YEAR,,STATE,FLORIDA,12,,,,,,,0,,SUGARCANE,"SUGARCANE, SUGAR - PRODUCTION, MEASURED IN $",TOTAL,NOT SPECIFIED,"536,649,000",
SURVEY,2002,YEAR,,STATE,FLORIDA,12,,,,,,,0,,SUGARCANE,"SUGARCANE, SUGAR - PRODUCTION, MEASURED IN TONS",TOTAL,NOT SPECIFIED,"16,929,000",
SURVEY,2002,YEAR,,STATE,HAWAII,15,,,,,,,0,,SUGARCANE,"SUGARCANE, SUGAR - PRODUCTION, MEASURED IN $",TOTAL,NOT SPECIFIED,"64,325,000",
SURVEY,2002,YEAR,,STATE,HAWAII,15,,,,,,,0,,SUGARCANE,"SUGARCANE, SUGAR - PRODUCTION, MEASURED IN TONS",TOTAL,NOT SPECIFIED,"2,109,000",
SURVEY,2002,YEAR,,STATE,LOUISIANA,22,,,,,,,0,,SUGARCANE,"SUGARCANE, SUGAR - PRODUCTION, MEASURED IN $",TOTAL,NOT SPECIFIED,"309,260,000",
SURVEY,2002,YEAR,,STATE,LOUISIANA,22,,,,,,,0,,SUGARCANE,"SUGARCANE, SUGAR - PRODUCTION, MEASURED IN TONS",TOTAL,NOT SPECIFIED,"13,160,000",
SURVEY,2002,YEAR,,STATE,TEXAS,48,,,,,,,0,,SUGARCANE,"SUGARCANE, SUGAR - PRODUCTION, MEASURED IN $",TOTAL,NOT SPECIFIED,"51,662,000",
SURVEY,2002,YEAR,,STATE,TEXAS,48,,,,,,,0,,SUGARCANE,"SUGARCANE, SUGAR - PRODUCTION, MEASURED IN TONS",TOTAL,NOT SPECIFIED,"1,705,000",
SURVEY,2001,MARKETING YEAR,,STATE,FLORIDA,12,,,,,,,0,,SUGARCANE,"SUGARCANE, SUGAR - PRICE RECEIVED, MEASURED IN $ / TON",TOTAL,NOT SPECIFIED,31.7,
SURVEY,2001,MARKETING YEAR,,STATE,HAWAII,15,,,,,,,0,,SUGARCANE,"SUGARCANE, SUGAR - PRICE RECEIVED, MEASURED IN $ / TON",TOTAL,NOT SPECIFIED,30.8,
SURVEY,2001,MARKETING YEAR,,STATE,LOUISIANA,22,,,,,,,0,,SUGARCANE,"SUGARCANE, SUGAR - PRICE RECEIVED, MEASURED IN $ / TON",TOTAL,NOT SPECIFIED,25.7,
SURVEY,2001,MARKETING YEAR,,STATE,TEXAS,48,,,,,,,0,,SUGARCANE,"SUGARCANE, SUGAR - PRICE RECEIVED, MEASURED IN $ / TON",TOTAL,NOT SPECIFIED,28.9,
SURVEY,2001,YEAR,,STATE,FLORIDA,12,,,,,,,0,,SUGARCANE,"SUGARCANE, SUGAR - PRODUCTION, MEASURED IN $",TOTAL,NOT SPECIFIED,"495,154,000",
SURVEY,2001,YEAR,,STATE,FLORIDA,12,,,,,,,0,,SUGARCANE,"SUGARCANE, SUGAR - PRODUCTION, MEASURED IN TONS",TOTAL,NOT SPECIFIED,"15,620,000",
SURVEY,2001,YEAR,,STATE,HAWAII,15,,,,,,,0,,SUGARCANE,"SUGARCANE, SUGAR - PRODUCTION, MEASURED IN $",TOTAL,NOT SPECIFIED,"57,842,000",
SURVEY,2001,YEAR,,STATE,HAWAII,15,,,,,,,0,,SUGARCANE,"SUGARCANE, SUGAR - PRODUCTION, MEASURED IN TONS",TOTAL,NOT SPECIFIED,"1,878,000",
SURVEY,2001,YEAR,,STATE,LOUISIANA,22,,,,,,,0,,SUGARCANE,"SUGARCANE, SUGAR - PRODUCTION, MEASURED IN $",TOTAL,NOT SPECIFIED,"342,838,000",
SURVEY,2001,YEAR,,STATE,LOUISIANA,22,,,,,,,0,,SUGARCANE,"SUGARCANE, SUGAR - PRODUCTION, MEASURED IN TONS",TOTAL,NOT SPECIFIED,"13,340,000",
SURVEY,2001,YEAR,,STATE,TEXAS,48,,,,,,,0,,SUGARCANE,"SUGARCANE, SUGAR - PRODUCTION, MEASURED IN $",TOTAL,NOT SPECIFIED,"55,979,000",
SURVEY,2001,YEAR,,STATE,TEXAS,48,,,,,,,0,,SUGARCANE,"SUGARCANE, SUGAR - PRODUCTION, MEASURED IN TONS",TOTAL,NOT SPECIFIED,"1,937,000",
SURVEY,2000,MARKETING YEAR,,STATE,FLORIDA,12,,,,,,,0,,SUGARCANE,"SUGARCANE, SUGAR - PRICE RECEIVED, MEASURED IN $ / TON",TOTAL,NOT SPECIFIED,28.6,
SURVEY,2000,MARKETING YEAR,,STATE,HAWAII,15,,,,,,,0,,SUGARCANE,"SUGARCANE, SUGAR - PRICE RECEIVED, MEASURED IN $ / TON",TOTAL,NOT SPECIFIED,26.3,
SURVEY,2000,MARKETING YEAR,,STATE,LOUISIANA,22,,,,,,,0,,SUGARCANE,"SUGARCANE, SUGAR - PRICE RECEIVED, MEASURED IN $ / TON",TOTAL,NOT SPECIFIED,22.7,
SURVEY,2000,MARKETING YEAR,,STATE,TEXAS,48,,,,,,,0,,SUGARCANE,"SUGARCANE, SUGAR - PRICE RECEIVED, MEASURED IN $ / TON",TOTAL,NOT SPECIFIED,29.8,
SURVEY,2000,YEAR,,STATE,FLORIDA,12,,,,,,,0,,SUGARCANE,"SUGARCANE, SUGAR - PRODUCTION, MEASURED IN $",TOTAL,NOT SPECIFIED,"467,610,000",
SURVEY,2000,YEAR,,STATE,FLORIDA,12,,,,,,,0,,SUGARCANE,"SUGARCANE, SUGAR - PRODUCTION, MEASURED IN TONS",TOTAL,NOT SPECIFIED,"16,350,000",
SURVEY,2000,YEAR,,STATE,HAWAII,15,,,,,,,0,,SUGARCANE,"SUGARCANE, SUGAR - PRODUCTION, MEASURED IN $",TOTAL,NOT SPECIFIED,"62,200,000",
SURVEY,2000,YEAR,,STATE,HAWAII,15,,,,,,,0,,SUGARCANE,"SUGARCANE, SUGAR - PRODUCTION, MEASURED IN TONS",TOTAL,NOT SPECIFIED,"2,365,000",
SURVEY,2000,YEAR,,STATE,LOUISIANA,22,,,,,,,0,,SUGARCANE,"SUGARCANE, SUGAR - PRODUCTION, MEASURED IN $",TOTAL,NOT SPECIFIED,"313,510,000",
SURVEY,2000,YEAR,,STATE,LOUISIANA,22,,,,,,,0,,SUGARCANE,"SUGARCANE, SUGAR - PRODUCTION, MEASURED IN TONS",TOTAL,NOT SPECIFIED,"13,811,000",
SURVEY,2000,YEAR,,STATE,TEXAS,48,,,,,,,0,,SUGARCANE,"SUGARCANE, SUGAR - PRODUCTION, MEASURED IN $",TOTAL,NOT SPECIFIED,"52,597,000",
SURVEY,2000,YEAR,,STATE,TEXAS,48,,,,,,,0,,SUGARCANE,"SUGARCANE, SUGAR - PRODUCTION, MEASURED IN TONS",TOTAL,NOT SPECIFIED,"1,765,000",
SURVEY,1999,MARKETING YEAR,,STATE,FLORIDA,12,,,,,,,0,,SUGARCANE,"SUGARCANE, SUGAR - PRICE RECEIVED, MEASURED IN $ / TON",TOTAL,NOT SPECIFIED,27.2,
SURVEY,1999,MARKETING YEAR,,STATE,HAWAII,15,,,,,,,0,,SUGARCANE,"SUGARCANE, SUGAR - PRICE RECEIVED, MEASURED IN $ / TON",TOTAL,NOT SPECIFIED,30,
SURVEY,1999,MARKETING YEAR,,STATE,LOUISIANA,22,,,,,,,0,,SUGARCANE,"SUGARCANE, SUGAR - PRICE RECEIVED, MEASURED IN $ / TON",TOTAL,NOT SPECIFIED,22.9,
SURVEY,1999,MARKETING YEAR,,STATE,TEXAS,48,,,,,,,0,,SUGARCANE,"SUGARCANE, SUGAR - PRICE RECEIVED, MEASURED IN $ / TON",TOTAL,NOT SPECIFIED,26.1,
SURVEY,1999,YEAR,,STATE,FLORIDA,12,,,,,,,0,,SUGARCANE,"SUGARCANE, SUGAR - PRODUCTION, MEASURED IN $",TOTAL,NOT SPECIFIED,"421,736,000",
SURVEY,1999,YEAR,,STATE,FLORIDA,12,,,,,,,0,,SUGARCANE,"SUGARCANE, SUGAR - PRODUCTION, MEASURED IN TONS",TOTAL,NOT SPECIFIED,"15,505,000",
SURVEY,1999,YEAR,,STATE,HAWAII,15,,,,,,,0,,SUGARCANE,"SUGARCANE, SUGAR - PRODUCTION, MEASURED IN $",TOTAL,NOT SPECIFIED,"86,760,000",
SURVEY,1999,YEAR,,STATE,HAWAII,15,,,,,,,0,,SUGARCANE,"SUGARCANE, SUGAR - PRODUCTION, MEASURED IN TONS",TOTAL,NOT SPECIFIED,"2,892,000",
SURVEY,1999,YEAR,,STATE,LOUISIANA,22,,,,,,,0,,SUGARCANE,"SUGARCANE, SUGAR - PRODUCTION, MEASURED IN $",TOTAL,NOT SPECIFIED,"325,753,000",
SURVEY,1999,YEAR,,STATE,LOUISIANA,22,,,,,,,0,,SUGARCANE,"SUGARCANE, SUGAR - PRODUCTION, MEASURED IN TONS",TOTAL,NOT SPECIFIED,"14,225,000",
SURVEY,1999,YEAR,,STATE,TEXAS,48,,,,,,,0,,SUGARCANE,"SUGARCANE, SUGAR - PRODUCTION, MEASURED IN $",TOTAL,NOT SPECIFIED,"24,926,000",
SURVEY,1999,YEAR,,STATE,TEXAS,48,,,,,,,0,,SUGARCANE,"SUGARCANE, SUGAR - PRODUCTION, MEASURED IN TONS",TOTAL,NOT SPECIFIED,"955,000",
SURVEY,1998,MARKETING YEAR,,STATE,FLORIDA,12,,,,,,,0,,SUGARCANE,"SUGARCANE, SUGAR - PRICE RECEIVED, MEASURED IN $ / TON",TOTAL,NOT SPECIFIED,29.5,
SURVEY,1998,MARKETING YEAR,,STATE,HAWAII,15,,,,,,,0,,SUGARCANE,"SUGARCANE, SUGAR - PRICE RECEIVED, MEASURED IN $ / TON",TOTAL,NOT SPECIFIED,32,
SURVEY,1998,MARKETING YEAR,,STATE,LOUISIANA,22,,,,,,,0,,SUGARCANE,"SUGARCANE, SUGAR - PRICE RECEIVED, MEASURED IN $ / TON",TOTAL,NOT SPECIFIED,23.2,
SURVEY,1998,MARKETING YEAR,,STATE,TEXAS,48,,,,,,,0,,SUGARCANE,"SUGARCANE, SUGAR - PRICE RECEIVED, MEASURED IN $ / TON",TOTAL,NOT SPECIFIED,24.9,
SURVEY,1998,YEAR,,STATE,FLORIDA,12,,,,,,,0,,SUGARCANE,"SUGARCANE, SUGAR - PRODUCTION, MEASURED IN $",TOTAL,NOT SPECIFIED,"503,949,000",
SURVEY,1998,YEAR,,STATE,FLORIDA,12,,,,,,,0,,SUGARCANE,"SUGARCANE, SUGAR - PRODUCTION, MEASURED IN TONS",TOTAL,NOT SPECIFIED,"17,083,000",
SURVEY,1998,YEAR,,STATE,HAWAII,15,,,,,,,0,,SUGARCANE,"SUGARCANE, SUGAR - PRODUCTION, MEASURED IN $",TOTAL,NOT SPECIFIED,"87,264,000",
SURVEY,1998,YEAR,,STATE,HAWAII,15,,,,,,,0,,SUGARCANE,"SUGARCANE, SUGAR - PRODUCTION, MEASURED IN TONS",TOTAL,NOT SPECIFIED,"2,727,000",
SURVEY,1998,YEAR,,STATE,LOUISIANA,22,,,,,,,0,,SUGARCANE,"SUGARCANE, SUGAR - PRODUCTION, MEASURED IN $",TOTAL,NOT SPECIFIED,"275,616,000",
SURVEY,1998,YEAR,,STATE,LOUISIANA,22,,,,,,,0,,SUGARCANE,"SUGARCANE, SUGAR - PRODUCTION, MEASURED IN TONS",TOTAL,NOT SPECIFIED,"11,880,000",
SURVEY,1998,YEAR,,STATE,TEXAS,48,,,,,,,0,,SUGARCANE,"SUGARCANE, SUGAR - PRODUCTION, MEASURED IN $",TOTAL,NOT SPECIFIED,"26,220,000",
SURVEY,1998,YEAR,,STATE,TEXAS,48,,,,,,,0,,SUGARCANE,"SUGARCANE, SUGAR - PRODUCTION, MEASURED IN TONS",TOTAL,NOT SPECIFIED,"1,053,000",
SURVEY,1997,MARKETING YEAR,,STATE,FLORIDA,12,,,,,,,0,,SUGARCANE,"SUGARCANE, SUGAR - PRICE RECEIVED, MEASURED IN $ / TON",TOTAL,NOT SPECIFIED,28.7,
SURVEY,1997,MARKETING YEAR,,STATE,HAWAII,15,,,,,,,0,,SUGARCANE,"SUGARCANE, SUGAR - PRICE RECEIVED, MEASURED IN $ / TON",TOTAL,NOT SPECIFIED,29.2,
SURVEY,1997,MARKETING YEAR,,STATE,LOUISIANA,22,,,,,,,0,,SUGARCANE,"SUGARCANE, SUGAR - PRICE RECEIVED, MEASURED IN $ / TON",TOTAL,NOT SPECIFIED,27.1,
SURVEY,1997,MARKETING YEAR,,STATE,TEXAS,48,,,,,,,0,,SUGARCANE,"SUGARCANE, SUGAR - PRICE RECEIVED, MEASURED IN $ / TON",TOTAL,NOT SPECIFIED,25.6,
SURVEY,1997,YEAR,,STATE,FLORIDA,12,,,,,,,0,,SUGARCANE,"SUGARCANE, SUGAR - PRODUCTION, MEASURED IN $",TOTAL,NOT SPECIFIED,"445,855,000",
SURVEY,1997,YEAR,,STATE,FLORIDA,12,,,,,,,0,,SUGARCANE,"SUGARCANE, SUGAR - PRODUCTION, MEASURED IN TONS",TOTAL,NOT SPECIFIED,"15,535,000",
SURVEY,1997,YEAR,,STATE,HAWAII,15,,,,,,,0,,SUGARCANE,"SUGARCANE, SUGAR - PRODUCTION, MEASURED IN $",TOTAL,NOT SPECIFIED,"85,410,000",
SURVEY,1997,YEAR,,STATE,HAWAII,15,,,,,,,0,,SUGARCANE,"SUGARCANE, SUGAR - PRODUCTION, MEASURED IN TONS",TOTAL,NOT SPECIFIED,"2,925,000",
SURVEY,1997,YEAR,,STATE,LOUISIANA,22,,,,,,,0,,SUGARCANE,"SUGARCANE, SUGAR - PRODUCTION, MEASURED IN $",TOTAL,NOT SPECIFIED,"290,404,000",
SURVEY,1997,YEAR,,STATE,LOUISIANA,22,,,,,,,0,,SUGARCANE,"SUGARCANE, SUGAR - PRODUCTION, MEASURED IN TONS",TOTAL,NOT SPECIFIED,"10,716,000",
SURVEY,1997,YEAR,,STATE,TEXAS,48,,,,,,,0,,SUGARCANE,"SUGARCANE, SUGAR - PRODUCTION, MEASURED IN $",TOTAL,NOT SPECIFIED,"21,171,000",
SURVEY,1997,YEAR,,STATE,TEXAS,48,,,,,,,0,,SUGARCANE,"SUGARCANE, SUGAR - PRODUCTION, MEASURED IN TONS",TOTAL,NOT SPECIFIED,"827,000",
SURVEY,1996,MARKETING YEAR,,STATE,FLORIDA,12,,,,,,,0,,SUGARCANE,"SUGARCANE, SUGAR - PRICE RECEIVED, MEASURED IN $ / TON",TOTAL,NOT SPECIFIED,29.4,
SURVEY,1996,MARKETING YEAR,,STATE,HAWAII,15,,,,,,,0,,SUGARCANE,"SUGARCANE, SUGAR - PRICE RECEIVED, MEASURED IN $ / TON",TOTAL,NOT SPECIFIED,30.5,
SURVEY,1996,MARKETING YEAR,,STATE,LOUISIANA,22,,,,,,,0,,SUGARCANE,"SUGARCANE, SUGAR - PRICE RECEIVED, MEASURED IN $ / TON",TOTAL,NOT SPECIFIED,26.2,
SURVEY,1996,MARKETING YEAR,,STATE,TEXAS,48,,,,,,,0,,SUGARCANE,"SUGARCANE, SUGAR - PRICE RECEIVED, MEASURED IN $ / TON",TOTAL,NOT SPECIFIED,25.5,
SURVEY,1996,YEAR,,STATE,FLORIDA,12,,,,,,,0,,SUGARCANE,"SUGARCANE, SUGAR - PRODUCTION, MEASURED IN $",TOTAL,NOT SPECIFIED,"405,808,000",
SURVEY,1996,YEAR,,STATE,FLORIDA,12,,,,,,,0,,SUGARCANE,"SUGARCANE, SUGAR - PRODUCTION, MEASURED IN TONS",TOTAL,NOT SPECIFIED,"13,803,000",
SURVEY,1996,YEAR,,STATE,HAWAII,15,,,,,,,0,,SUGARCANE,"SUGARCANE, SUGAR - PRODUCTION, MEASURED IN $",TOTAL,NOT SPECIFIED,"108,092,000",
SURVEY,1996,YEAR,,STATE,HAWAII,15,,,,,,,0,,SUGARCANE,"SUGARCANE, SUGAR - PRODUCTION, MEASURED IN TONS",TOTAL,NOT SPECIFIED,"3,544,000",
SURVEY,1996,YEAR,,STATE,LOUISIANA,22,,,,,,,0,,SUGARCANE,"SUGARCANE, SUGAR - PRODUCTION, MEASURED IN $",TOTAL,NOT SPECIFIED,"244,891,000",
SURVEY,1996,YEAR,,STATE,LOUISIANA,22,,,,,,,0,,SUGARCANE,"SUGARCANE, SUGAR - PRODUCTION, MEASURED IN TONS",TOTAL,NOT SPECIFIED,"9,347,000",
SURVEY,1996,YEAR,,STATE,TEXAS,48,,,,,,,0,,SUGARCANE,"SUGARCANE, SUGAR - PRODUCTION, MEASURED IN $",TOTAL,NOT SPECIFIED,"25,322,000",
SURVEY,1996,YEAR,,STATE,TEXAS,48,,,,,,,0,,SUGARCANE,"SUGARCANE, SUGAR - PRODUCTION, MEASURED IN TONS",TOTAL,NOT SPECIFIED,"993,000",
SURVEY,1995,MARKETING YEAR,,STATE,FLORIDA,12,,,,,,,0,,SUGARCANE,"SUGARCANE, SUGAR - PRICE RECEIVED, MEASURED IN $ / TON",TOTAL,NOT SPECIFIED,30.6,
SURVEY,1995,MARKETING YEAR,,STATE,HAWAII,15,,,,,,,0,,SUGARCANE,"SUGARCANE, SUGAR - PRICE RECEIVED, MEASURED IN $ / TON",TOTAL,NOT SPECIFIED,32.3,
SURVEY,1995,MARKETING YEAR,,STATE,LOUISIANA,22,,,,,,,0,,SUGARCANE,"SUGARCANE, SUGAR - PRICE RECEIVED, MEASURED IN $ / TON",TOTAL,NOT SPECIFIED,27,
SURVEY,1995,MARKETING YEAR,,STATE,TEXAS,48,,,,,,,0,,SUGARCANE,"SUGARCANE, SUGAR - PRICE RECEIVED, MEASURED IN $ / TON",TOTAL,NOT SPECIFIED,26.6,
SURVEY,1995,YEAR,,STATE,FLORIDA,12,,,,,,,0,,SUGARCANE,"SUGARCANE, SUGAR - PRODUCTION, MEASURED IN $",TOTAL,NOT SPECIFIED,"441,497,000",
SURVEY,1995,YEAR,,STATE,FLORIDA,12,,,,,,,0,,SUGARCANE,"SUGARCANE, SUGAR - PRODUCTION, MEASURED IN TONS",TOTAL,NOT SPECIFIED,"14,428,000",
SURVEY,1995,YEAR,,STATE,HAWAII,15,,,,,,,0,,SUGARCANE,"SUGARCANE, SUGAR - PRODUCTION, MEASURED IN $",TOTAL,NOT SPECIFIED,"127,682,000",
SURVEY,1995,YEAR,,STATE,HAWAII,15,,,,,,,0,,SUGARCANE,"SUGARCANE, SUGAR - PRODUCTION, MEASURED IN TONS",TOTAL,NOT SPECIFIED,"3,953,000",
SURVEY,1995,YEAR,,STATE,LOUISIANA,22,,,,,,,0,,SUGARCANE,"SUGARCANE, SUGAR - PRODUCTION, MEASURED IN $",TOTAL,NOT SPECIFIED,"254,367,000",
SURVEY,1995,YEAR,,STATE,LOUISIANA,22,,,,,,,0,,SUGARCANE,"SUGARCANE, SUGAR - PRODUCTION, MEASURED IN TONS",TOTAL,NOT SPECIFIED,"9,421,000",
SURVEY,1995,YEAR,,STATE,TEXAS,48,,,,,,,0,,SUGARCANE,"SUGARCANE, SUGAR - PRODUCTION, MEASURED IN $",TOTAL,NOT SPECIFIED,"35,511,000",
SURVEY,1995,YEAR,,STATE,TEXAS,48,,,,,,,0,,SUGARCANE,"SUGARCANE, SUGAR - PRODUCTION, MEASURED IN TONS",TOTAL,NOT SPECIFIED,"1,335,000",
SURVEY,1994,MARKETING YEAR,,STATE,FLORIDA,12,,,,,,,0,,SUGARCANE,"SUGARCANE, SUGAR - PRICE RECEIVED, MEASURED IN $ / TON",TOTAL,NOT SPECIFIED,30.6,
SURVEY,1994,MARKETING YEAR,,STATE,HAWAII,15,,,,,,,0,,SUGARCANE,"SUGARCANE, SUGAR - PRICE RECEIVED, MEASURED IN $ / TON",TOTAL,NOT SPECIFIED,30.4,
SURVEY,1994,MARKETING YEAR,,STATE,LOUISIANA,22,,,,,,,0,,SUGARCANE,"SUGARCANE, SUGAR - PRICE RECEIVED, MEASURED IN $ / TON",TOTAL,NOT SPECIFIED,25.9,
SURVEY,1994,MARKETING YEAR,,STATE,TEXAS,48,,,,,,,0,,SUGARCANE,"SUGARCANE, SUGAR - PRICE RECEIVED, MEASURED IN $ / TON",TOTAL,NOT SPECIFIED,29.9,
SURVEY,1994,YEAR,,STATE,FLORIDA,12,,,,,,,0,,SUGARCANE,"SUGARCANE, SUGAR - PRODUCTION, MEASURED IN $",TOTAL,NOT SPECIFIED,"434,918,000",
SURVEY,1994,YEAR,,STATE,FLORIDA,12,,,,,,,0,,SUGARCANE,"SUGARCANE, SUGAR - PRODUCTION, MEASURED IN TONS",TOTAL,NOT SPECIFIED,"14,213,000",
SURVEY,1994,YEAR,,STATE,HAWAII,15,,,,,,,0,,SUGARCANE,"SUGARCANE, SUGAR - PRODUCTION, MEASURED IN $",TOTAL,NOT SPECIFIED,"160,086,000",
SURVEY,1994,YEAR,,STATE,HAWAII,15,,,,,,,0,,SUGARCANE,"SUGARCANE, SUGAR - PRODUCTION, MEASURED IN TONS",TOTAL,NOT SPECIFIED,"5,266,000",
SURVEY,1994,YEAR,,STATE,LOUISIANA,22,,,,,,,0,,SUGARCANE,"SUGARCANE, SUGAR - PRODUCTION, MEASURED IN $",TOTAL,NOT SPECIFIED,"222,455,000",
SURVEY,1994,YEAR,,STATE,LOUISIANA,22,,,,,,,0,,SUGARCANE,"SUGARCANE, SUGAR - PRODUCTION, MEASURED IN TONS",TOTAL,NOT SPECIFIED,"8,589,000",
SURVEY,1994,YEAR,,STATE,TEXAS,48,,,,,,,0,,SUGARCANE,"SUGARCANE, SUGAR - PRODUCTION, MEASURED IN $",TOTAL,NOT SPECIFIED,"39,946,000",
SURVEY,1994,YEAR,,STATE,TEXAS,48,,,,,,,0,,SUGARCANE,"SUGARCANE, SUGAR - PRODUCTION, MEASURED IN TONS",TOTAL,NOT SPECIFIED,"1,336,000",
SURVEY,1993,MARKETING YEAR,,STATE,FLORIDA,12,,,,,,,0,,SUGARCANE,"SUGARCANE, SUGAR - PRICE RECEIVED, MEASURED IN $ / TON",TOTAL,NOT SPECIFIED,30.4,
SURVEY,1993,MARKETING YEAR,,STATE,HAWAII,15,,,,,,,0,,SUGARCANE,"SUGARCANE, SUGAR - PRICE RECEIVED, MEASURED IN $ / TON",TOTAL,NOT SPECIFIED,29.6,
SURVEY,1993,MARKETING YEAR,,STATE,LOUISIANA,22,,,,,,,0,,SUGARCANE,"SUGARCANE, SUGAR - PRICE RECEIVED, MEASURED IN $ / TON",TOTAL,NOT SPECIFIED,25,
SURVEY,1993,MARKETING YEAR,,STATE,TEXAS,48,,,,,,,0,,SUGARCANE,"SUGARCANE, SUGAR - PRICE RECEIVED, MEASURED IN $ / TON",TOTAL,NOT SPECIFIED,25.8,
SURVEY,1993,YEAR,,STATE,FLORIDA,12,,,,,,,0,,SUGARCANE,"SUGARCANE, SUGAR - PRODUCTION, MEASURED IN $",TOTAL,NOT SPECIFIED,"440,587,000",
SURVEY,1993,YEAR,,STATE,FLORIDA,12,,,,,,,0,,SUGARCANE,"SUGARCANE, SUGAR - PRODUCTION, MEASURED IN TONS",TOTAL,NOT SPECIFIED,"14,493,000",
SURVEY,1993,YEAR,,STATE,HAWAII,15,,,,,,,0,,SUGARCANE,"SUGARCANE, SUGAR - PRODUCTION, MEASURED IN $",TOTAL,NOT SPECIFIED,"163,037,000",
SURVEY,1993,YEAR,,STATE,HAWAII,15,,,,,,,0,,SUGARCANE,"SUGARCANE, SUGAR - PRODUCTION, MEASURED IN TONS",TOTAL,NOT SPECIFIED,"5,508,000",
SURVEY,1993,YEAR,,STATE,LOUISIANA,22,,,,,,,0,,SUGARCANE,"SUGARCANE, SUGAR - PRODUCTION, MEASURED IN $",TOTAL,NOT SPECIFIED,"205,200,000",
SURVEY,1993,YEAR,,STATE,LOUISIANA,22,,,,,,,0,,SUGARCANE,"SUGARCANE, SUGAR - PRODUCTION, MEASURED IN TONS",TOTAL,NOT SPECIFIED,"8,208,000",
SURVEY,1993,YEAR,,STATE,TEXAS,48,,,,,,,0,,SUGARCANE,"SUGARCANE, SUGAR - PRODUCTION, MEASURED IN $",TOTAL,NOT SPECIFIED,"36,481,000",
SURVEY,1993,YEAR,,STATE,TEXAS,48,,,,,,,0,,SUGARCANE,"SUGARCANE, SUGAR - PRODUCTION, MEASURED IN TONS",TOTAL,NOT SPECIFIED,"1,414,000",
SURVEY,1992,MARKETING YEAR,,STATE,FLORIDA,12,,,,,,,0,,SUGARCANE,"SUGARCANE, SUGAR - PRICE RECEIVED, MEASURED IN $ / TON",TOTAL,NOT SPECIFIED,29.8,
SURVEY,1992,MARKETING YEAR,,STATE,HAWAII,15,,,,,,,0,,SUGARCANE,"SUGARCANE, SUGAR - PRICE RECEIVED, MEASURED IN $ / TON",TOTAL,NOT SPECIFIED,28.3,
SURVEY,1992,MARKETING YEAR,,STATE,LOUISIANA,22,,,,,,,0,,SUGARCANE,"SUGARCANE, SUGAR - PRICE RECEIVED, MEASURED IN $ / TON",TOTAL,NOT SPECIFIED,25.4,
SURVEY,1992,MARKETING YEAR,,STATE,TEXAS,48,,,,,,,0,,SUGARCANE,"SUGARCANE, SUGAR - PRICE RECEIVED, MEASURED IN $ / TON",TOTAL,NOT SPECIFIED,25.4,
SURVEY,1992,YEAR,,STATE,FLORIDA,12,,,,,,,0,,SUGARCANE,"SUGARCANE, SUGAR - PRODUCTION, MEASURED IN $",TOTAL,NOT SPECIFIED,"421,461,000",
SURVEY,1992,YEAR,,STATE,FLORIDA,12,,,,,,,0,,SUGARCANE,"SUGARCANE, SUGAR - PRODUCTION, MEASURED IN TONS",TOTAL,NOT SPECIFIED,"14,143,000",
SURVEY,1992,YEAR,,STATE,HAWAII,15,,,,,,,0,,SUGARCANE,"SUGARCANE, SUGAR - PRODUCTION, MEASURED IN $",TOTAL,NOT SPECIFIED,"153,669,000",
SURVEY,1992,YEAR,,STATE,HAWAII,15,,,,,,,0,,SUGARCANE,"SUGARCANE, SUGAR - PRODUCTION, MEASURED IN TONS",TOTAL,NOT SPECIFIED,"5,430,000",
SURVEY,1992,YEAR,,STATE,LOUISIANA,22,,,,,,,0,,SUGARCANE,"SUGARCANE, SUGAR - PRODUCTION, MEASURED IN $",TOTAL,NOT SPECIFIED,"203,454,000",
SURVEY,1992,YEAR,,STATE,LOUISIANA,22,,,,,,,0,,SUGARCANE,"SUGARCANE, SUGAR - PRODUCTION, MEASURED IN TONS",TOTAL,NOT SPECIFIED,"8,010,000",
SURVEY,1992,YEAR,,STATE,TEXAS,48,,,,,,,0,,SUGARCANE,"SUGARCANE, SUGAR - PRODUCTION, MEASURED IN $",TOTAL,NOT SPECIFIED,"32,766,000",
SURVEY,1992,YEAR,,STATE,TEXAS,48,,,,,,,0,,SUGARCANE,"SUGARCANE, SUGAR - PRODUCTION, MEASURED IN TONS",TOTAL,NOT SPECIFIED,"1,290,000",
SURVEY,1991,MARKETING YEAR,,STATE,FLORIDA,12,,,,,,,0,,SUGARCANE,"SUGARCANE, SUGAR - PRICE RECEIVED, MEASURED IN $ / TON",TOTAL,NOT SPECIFIED,31,
SURVEY,1991,MARKETING YEAR,,STATE,HAWAII,15,,,,,,,0,,SUGARCANE,"SUGARCANE, SUGAR - PRICE RECEIVED, MEASURED IN $ / TON",TOTAL,NOT SPECIFIED,29.9,
SURVEY,1991,MARKETING YEAR,,STATE,LOUISIANA,22,,,,,,,0,,SUGARCANE,"SUGARCANE, SUGAR - PRICE RECEIVED, MEASURED IN $ / TON",TOTAL,NOT SPECIFIED,24.7,
SURVEY,1991,MARKETING YEAR,,STATE,TEXAS,48,,,,,,,0,,SUGARCANE,"SUGARCANE, SUGAR - PRICE RECEIVED, MEASURED IN $ / TON",TOTAL,NOT SPECIFIED,25,
SURVEY,1991,YEAR,,STATE,FLORIDA,12,,,,,,,0,,SUGARCANE,"SUGARCANE, SUGAR - PRODUCTION, MEASURED IN $",TOTAL,NOT SPECIFIED,"463,047,000",
SURVEY,1991,YEAR,,STATE,FLORIDA,12,,,,,,,0,,SUGARCANE,"SUGARCANE, SUGAR - PRODUCTION, MEASURED IN TONS",TOTAL,NOT SPECIFIED,"14,937,000",
SURVEY,1991,YEAR,,STATE,HAWAII,15,,,,,,,0,,SUGARCANE,"SUGARCANE, SUGAR - PRODUCTION, MEASURED IN $",TOTAL,NOT SPECIFIED,"175,124,000",
SURVEY,1991,YEAR,,STATE,HAWAII,15,,,,,,,0,,SUGARCANE,"SUGARCANE, SUGAR - PRODUCTION, MEASURED IN TONS",TOTAL,NOT SPECIFIED,"5,857,000",
SURVEY,1991,YEAR,,STATE,LOUISIANA,22,,,,,,,0,,SUGARCANE,"SUGARCANE, SUGAR - PRODUCTION, MEASURED IN $",TOTAL,NOT SPECIFIED,"175,123,000",
SURVEY,1991,YEAR,,STATE,LOUISIANA,22,,,,,,,0,,SUGARCANE,"SUGARCANE, SUGAR - PRODUCTION, MEASURED IN TONS",TOTAL,NOT SPECIFIED,"7,090,000",
SURVEY,1991,YEAR,,STATE,TEXAS,48,,,,,,,0,,SUGARCANE,"SUGARCANE, SUGAR - PRODUCTION, MEASURED IN $",TOTAL,NOT SPECIFIED,"26,900,000",
SURVEY,1991,YEAR,,STATE,TEXAS,48,,,,,,,0,,SUGARCANE,"SUGARCANE, SUGAR - PRODUCTION, MEASURED IN TONS",TOTAL,NOT SPECIFIED,"1,076,000",
SURVEY,1990,MARKETING YEAR,,STATE,FLORIDA,12,,,,,,,0,,SUGARCANE,"SUGARCANE, SUGAR - PRICE RECEIVED, MEASURED IN $ / TON",TOTAL,NOT SPECIFIED,31.5,
SURVEY,1990,MARKETING YEAR,,STATE,HAWAII,15,,,,,,,0,,SUGARCANE,"SUGARCANE, SUGAR - PRICE RECEIVED, MEASURED IN $ / TON",TOTAL,NOT SPECIFIED,32.7,
SURVEY,1990,MARKETING YEAR,,STATE,LOUISIANA,22,,,,,,,0,,SUGARCANE,"SUGARCANE, SUGAR - PRICE RECEIVED, MEASURED IN $ / TON",TOTAL,NOT SPECIFIED,26.6,
SURVEY,1990,MARKETING YEAR,,STATE,TEXAS,48,,,,,,,0,,SUGARCANE,"SUGARCANE, SUGAR - PRICE RECEIVED, MEASURED IN $ / TON",TOTAL,NOT SPECIFIED,25.1,
SURVEY,1990,YEAR,,STATE,FLORIDA,12,,,,,,,0,,SUGARCANE,"SUGARCANE, SUGAR - PRODUCTION, MEASURED IN $",TOTAL,NOT SPECIFIED,"468,531,000",
SURVEY,1990,YEAR,,STATE,FLORIDA,12,,,,,,,0,,SUGARCANE,"SUGARCANE, SUGAR - PRODUCTION, MEASURED IN TONS",TOTAL,NOT SPECIFIED,"14,874,000",
SURVEY,1990,YEAR,,STATE,HAWAII,15,,,,,,,0,,SUGARCANE,"SUGARCANE, SUGAR - PRODUCTION, MEASURED IN $",TOTAL,NOT SPECIFIED,"213,793,000",
SURVEY,1990,YEAR,,STATE,HAWAII,15,,,,,,,0,,SUGARCANE,"SUGARCANE, SUGAR - PRODUCTION, MEASURED IN TONS",TOTAL,NOT SPECIFIED,"6,538,000",
SURVEY,1990,YEAR,,STATE,LOUISIANA,22,,,,,,,0,,SUGARCANE,"SUGARCANE, SUGAR - PRODUCTION, MEASURED IN $",TOTAL,NOT SPECIFIED,"110,390,000",
SURVEY,1990,YEAR,,STATE,LOUISIANA,22,,,,,,,0,,SUGARCANE,"SUGARCANE, SUGAR - PRODUCTION, MEASURED IN TONS",TOTAL,NOT SPECIFIED,"4,150,000",
SURVEY,1990,YEAR,,STATE,TEXAS,48,,,,,,,0,,SUGARCANE,"SUGARCANE, SUGAR - PRODUCTION, MEASURED IN $",TOTAL,NOT SPECIFIED,"22,916,000",
SURVEY,1990,YEAR,,STATE,TEXAS,48,,,,,,,0,,SUGARCANE,"SUGARCANE, SUGAR - PRODUCTION, MEASURED IN TONS",TOTAL,NOT SPECIFIED,"913,000",
SURVEY,1989,MARKETING YEAR,,STATE,FLORIDA,12,,,,,,,0,,SUGARCANE,"SUGARCANE, SUGAR - PRICE RECEIVED, MEASURED IN $ / TON",TOTAL,NOT SPECIFIED,30.7,
SURVEY,1989,MARKETING YEAR,,STATE,HAWAII,15,,,,,,,0,,SUGARCANE,"SUGARCANE, SUGAR - PRICE RECEIVED, MEASURED IN $ / TON",TOTAL,NOT SPECIFIED,29.7,
SURVEY,1989,MARKETING YEAR,,STATE,LOUISIANA,22,,,,,,,0,,SUGARCANE,"SUGARCANE, SUGAR - PRICE RECEIVED, MEASURED IN $ / TON",TOTAL,NOT SPECIFIED,27,
SURVEY,1989,MARKETING YEAR,,STATE,TEXAS,48,,,,,,,0,,SUGARCANE,"SUGARCANE, SUGAR - PRICE RECEIVED, MEASURED IN $ / TON",TOTAL,NOT SPECIFIED,21,
SURVEY,1989,YEAR,,STATE,FLORIDA,12,,,,,,,0,,SUGARCANE,"SUGARCANE, SUGAR - PRODUCTION, MEASURED IN $",TOTAL,NOT SPECIFIED,"390,412,000",
SURVEY,1989,YEAR,,STATE,FLORIDA,12,,,,,,,0,,SUGARCANE,"SUGARCANE, SUGAR - PRODUCTION, MEASURED IN TONS",TOTAL,NOT SPECIFIED,"12,717,000",
SURVEY,1989,YEAR,,STATE,HAWAII,15,,,,,,,0,,SUGARCANE,"SUGARCANE, SUGAR - PRODUCTION, MEASURED IN $",TOTAL,NOT SPECIFIED,"210,335,000",
SURVEY,1989,YEAR,,STATE,HAWAII,15,,,,,,,0,,SUGARCANE,"SUGARCANE, SUGAR - PRODUCTION, MEASURED IN TONS",TOTAL,NOT SPECIFIED,"7,082,000",
SURVEY,1989,YEAR,,STATE,LOUISIANA,22,,,,,,,0,,SUGARCANE,"SUGARCANE, SUGAR - PRODUCTION, MEASURED IN $",TOTAL,NOT SPECIFIED,"200,880,000",
SURVEY,1989,YEAR,,STATE,LOUISIANA,22,,,,,,,0,,SUGARCANE,"SUGARCANE, SUGAR - PRODUCTION, MEASURED IN TONS",TOTAL,NOT SPECIFIED,"7,440,000",
SURVEY,1989,YEAR,,STATE,TEXAS,48,,,,,,,0,,SUGARCANE,"SUGARCANE, SUGAR - PRODUCTION, MEASURED IN $",TOTAL,NOT SPECIFIED,"17,430,000",
SURVEY,1989,YEAR,,STATE,TEXAS,48,,,,,,,0,,SUGARCANE,"SUGARCANE, SUGAR - PRODUCTION, MEASURED IN TONS",TOTAL,NOT SPECIFIED,"830,000",
SURVEY,1988,MARKETING YEAR,,STATE,FLORIDA,12,,,,,,,0,,SUGARCANE,"SUGARCANE, SUGAR - PRICE RECEIVED, MEASURED IN $ / TON",TOTAL,NOT SPECIFIED,32.6,
SURVEY,1988,MARKETING YEAR,,STATE,HAWAII,15,,,,,,,0,,SUGARCANE,"SUGARCANE, SUGAR - PRICE RECEIVED, MEASURED IN $ / TON",TOTAL,NOT SPECIFIED,27.6,
SURVEY,1988,MARKETING YEAR,,STATE,LOUISIANA,22,,,,,,,0,,SUGARCANE,"SUGARCANE, SUGAR - PRICE RECEIVED, MEASURED IN $ / TON",TOTAL,NOT SPECIFIED,26.2,
SURVEY,1988,MARKETING YEAR,,STATE,TEXAS,48,,,,,,,0,,SUGARCANE,"SUGARCANE, SUGAR - PRICE RECEIVED, MEASURED IN $ / TON",TOTAL,NOT SPECIFIED,24.6,
SURVEY,1988,YEAR,,STATE,FLORIDA,12,,,,,,,0,,SUGARCANE,"SUGARCANE, SUGAR - PRODUCTION, MEASURED IN $",TOTAL,NOT SPECIFIED,"416,172,000",
SURVEY,1988,YEAR,,STATE,FLORIDA,12,,,,,,,0,,SUGARCANE,"SUGARCANE, SUGAR - PRODUCTION, MEASURED IN TONS",TOTAL,NOT SPECIFIED,"12,766,000",
SURVEY,1988,YEAR,,STATE,HAWAII,15,,,,,,,0,,SUGARCANE,"SUGARCANE, SUGAR - PRODUCTION, MEASURED IN $",TOTAL,NOT SPECIFIED,"209,926,000",
SURVEY,1988,YEAR,,STATE,HAWAII,15,,,,,,,0,,SUGARCANE,"SUGARCANE, SUGAR - PRODUCTION, MEASURED IN TONS",TOTAL,NOT SPECIFIED,"7,606,000",
SURVEY,1988,YEAR,,STATE,LOUISIANA,22,,,,,,,0,,SUGARCANE,"SUGARCANE, SUGAR - PRODUCTION, MEASURED IN $",TOTAL,NOT SPECIFIED,"184,710,000",
SURVEY,1988,YEAR,,STATE,LOUISIANA,22,,,,,,,0,,SUGARCANE,"SUGARCANE, SUGAR - PRODUCTION, MEASURED IN TONS",TOTAL,NOT SPECIFIED,"7,050,000",
SURVEY,1988,YEAR,,STATE,TEXAS,48,,,,,,,0,,SUGARCANE,"SUGARCANE, SUGAR - PRODUCTION, MEASURED IN $",TOTAL,NOT SPECIFIED,"26,002,000",
SURVEY,1988,YEAR,,STATE,TEXAS,48,,,,,,,0,,SUGARCANE,"SUGARCANE, SUGAR - PRODUCTION, MEASURED IN TONS",TOTAL,NOT SPECIFIED,"1,057,000",
SURVEY,1987,MARKETING YEAR,,STATE,FLORIDA,12,,,,,,,0,,SUGARCANE,"SUGARCANE, SUGAR - PRICE RECEIVED, MEASURED IN $ / TON",TOTAL,NOT SPECIFIED,30.9,
SURVEY,1987,MARKETING YEAR,,STATE,HAWAII,15,,,,,,,0,,SUGARCANE,"SUGARCANE, SUGAR - PRICE RECEIVED, MEASURED IN $ / TON",TOTAL,NOT SPECIFIED,27.2,
SURVEY,1987,MARKETING YEAR,,STATE,LOUISIANA,22,,,,,,,0,,SUGARCANE,"SUGARCANE, SUGAR - PRICE RECEIVED, MEASURED IN $ / TON",TOTAL,NOT SPECIFIED,28.7,
SURVEY,1987,MARKETING YEAR,,STATE,TEXAS,48,,,,,,,0,,SUGARCANE,"SUGARCANE, SUGAR - PRICE RECEIVED, MEASURED IN $ / TON",TOTAL,NOT SPECIFIED,24.8,
SURVEY,1987,YEAR,,STATE,FLORIDA,12,,,,,,,0,,SUGARCANE,"SUGARCANE, SUGAR - PRODUCTION, MEASURED IN $",TOTAL,NOT SPECIFIED,"401,391,000",
SURVEY,1987,YEAR,,STATE,FLORIDA,12,,,,,,,0,,SUGARCANE,"SUGARCANE, SUGAR - PRODUCTION, MEASURED IN TONS",TOTAL,NOT SPECIFIED,"12,990,000",
SURVEY,1987,YEAR,,STATE,HAWAII,15,,,,,,,0,,SUGARCANE,"SUGARCANE, SUGAR - PRODUCTION, MEASURED IN $",TOTAL,NOT SPECIFIED,"217,981,000",
SURVEY,1987,YEAR,,STATE,HAWAII,15,,,,,,,0,,SUGARCANE,"SUGARCANE, SUGAR - PRODUCTION, MEASURED IN TONS",TOTAL,NOT SPECIFIED,"8,014,000",
SURVEY,1987,YEAR,,STATE,LOUISIANA,22,,,,,,,0,,SUGARCANE,"SUGARCANE, SUGAR - PRODUCTION, MEASURED IN $",TOTAL,NOT SPECIFIED,"171,339,000",
SURVEY,1987,YEAR,,STATE,LOUISIANA,22,,,,,,,0,,SUGARCANE,"SUGARCANE, SUGAR - PRODUCTION, MEASURED IN TONS",TOTAL,NOT SPECIFIED,"5,970,000",
SURVEY,1987,YEAR,,STATE,TEXAS,48,,,,,,,0,,SUGARCANE,"SUGARCANE, SUGAR - PRODUCTION, MEASURED IN $",TOTAL,NOT SPECIFIED,"26,090,000",
SURVEY,1987,YEAR,,STATE,TEXAS,48,,,,,,,0,,SUGARCANE,"SUGARCANE, SUGAR - PRODUCTION, MEASURED IN TONS",TOTAL,NOT SPECIFIED,"1,052,000",
SURVEY,1986,MARKETING YEAR,,STATE,FLORIDA,12,,,,,,,0,,SUGARCANE,"SUGARCANE, SUGAR - PRICE RECEIVED, MEASURED IN $ / TON",TOTAL,NOT SPECIFIED,29,
SURVEY,1986,MARKETING YEAR,,STATE,HAWAII,15,,,,,,,0,,SUGARCANE,"SUGARCANE, SUGAR - PRICE RECEIVED, MEASURED IN $ / TON",TOTAL,NOT SPECIFIED,27.9,
SURVEY,1986,MARKETING YEAR,,STATE,LOUISIANA,22,,,,,,,0,,SUGARCANE,"SUGARCANE, SUGAR - PRICE RECEIVED, MEASURED IN $ / TON",TOTAL,NOT SPECIFIED,23.1,
SURVEY,1986,MARKETING YEAR,,STATE,TEXAS,48,,,,,,,0,,SUGARCANE,"SUGARCANE, SUGAR - PRICE RECEIVED, MEASURED IN $ / TON",TOTAL,NOT SPECIFIED,27.5,
SURVEY,1986,YEAR,,STATE,FLORIDA,12,,,,,,,0,,SUGARCANE,"SUGARCANE, SUGAR - PRODUCTION, MEASURED IN $",TOTAL,NOT SPECIFIED,"374,564,000",
SURVEY,1986,YEAR,,STATE,FLORIDA,12,,,,,,,0,,SUGARCANE,"SUGARCANE, SUGAR - PRODUCTION, MEASURED IN TONS",TOTAL,NOT SPECIFIED,"12,916,000",
SURVEY,1986,YEAR,,STATE,HAWAII,15,,,,,,,0,,SUGARCANE,"SUGARCANE, SUGAR - PRODUCTION, MEASURED IN $",TOTAL,NOT SPECIFIED,"233,774,000",
SURVEY,1986,YEAR,,STATE,HAWAII,15,,,,,,,0,,SUGARCANE,"SUGARCANE, SUGAR - PRODUCTION, MEASURED IN TONS",TOTAL,NOT SPECIFIED,"8,379,000",
SURVEY,1986,YEAR,,STATE,LOUISIANA,22,,,,,,,0,,SUGARCANE,"SUGARCANE, SUGAR - PRODUCTION, MEASURED IN $",TOTAL,NOT SPECIFIED,"156,387,000",
SURVEY,1986,YEAR,,STATE,LOUISIANA,22,,,,,,,0,,SUGARCANE,"SUGARCANE, SUGAR - PRODUCTION, MEASURED IN TONS",TOTAL,NOT SPECIFIED,"6,770,000",
SURVEY,1986,YEAR,,STATE,TEXAS,48,,,,,,,0,,SUGARCANE,"SUGARCANE, SUGAR - PRODUCTION, MEASURED IN $",TOTAL,NOT SPECIFIED,"23,953,000",
SURVEY,1986,YEAR,,STATE,TEXAS,48,,,,,,,0,,SUGARCANE,"SUGARCANE, SUGAR - PRODUCTION, MEASURED IN TONS",TOTAL,NOT SPECIFIED,"871,000",
SURVEY,1985,MARKETING YEAR,,STATE,FLORIDA,12,,,,,,,0,,SUGARCANE,"SUGARCANE, SUGAR - PRICE RECEIVED, MEASURED IN $ / TON",TOTAL,NOT SPECIFIED,28.2,
SURVEY,1985,MARKETING YEAR,,STATE,HAWAII,15,,,,,,,0,,SUGARCANE,"SUGARCANE, SUGAR - PRICE RECEIVED, MEASURED IN $ / TON",TOTAL,NOT SPECIFIED,28.1,
SURVEY,1985,MARKETING YEAR,,STATE,LOUISIANA,22,,,,,,,0,,SUGARCANE,"SUGARCANE, SUGAR - PRICE RECEIVED, MEASURED IN $ / TON",TOTAL,NOT SPECIFIED,22.2,
SURVEY,1985,MARKETING YEAR,,STATE,TEXAS,48,,,,,,,0,,SUGARCANE,"SUGARCANE, SUGAR - PRICE RECEIVED, MEASURED IN $ / TON",TOTAL,NOT SPECIFIED,20.7,
SURVEY,1985,YEAR,,STATE,FLORIDA,12,,,,,,,0,,SUGARCANE,"SUGARCANE, SUGAR - PRODUCTION, MEASURED IN $",TOTAL,NOT SPECIFIED,"355,743,000",
SURVEY,1985,YEAR,,STATE,FLORIDA,12,,,,,,,0,,SUGARCANE,"SUGARCANE, SUGAR - PRODUCTION, MEASURED IN TONS",TOTAL,NOT SPECIFIED,"12,615,000",
SURVEY,1985,YEAR,,STATE,HAWAII,15,,,,,,,0,,SUGARCANE,"SUGARCANE, SUGAR - PRODUCTION, MEASURED IN $",TOTAL,NOT SPECIFIED,"222,440,000",
SURVEY,1985,YEAR,,STATE,HAWAII,15,,,,,,,0,,SUGARCANE,"SUGARCANE, SUGAR - PRODUCTION, MEASURED IN TONS",TOTAL,NOT SPECIFIED,"7,916,000",
SURVEY,1985,YEAR,,STATE,LOUISIANA,22,,,,,,,0,,SUGARCANE,"SUGARCANE, SUGAR - PRODUCTION, MEASURED IN $",TOTAL,NOT SPECIFIED,"120,546,000",
SURVEY,1985,YEAR,,STATE,LOUISIANA,22,,,,,,,0,,SUGARCANE,"SUGARCANE, SUGAR - PRODUCTION, MEASURED IN TONS",TOTAL,NOT SPECIFIED,"5,430,000",
SURVEY,1985,YEAR,,STATE,TEXAS,48,,,,,,,0,,SUGARCANE,"SUGARCANE, SUGAR - PRODUCTION, MEASURED IN $",TOTAL,NOT SPECIFIED,"18,961,000",
SURVEY,1985,YEAR,,STATE,TEXAS,48,,,,,,,0,,SUGARCANE,"SUGARCANE, SUGAR - PRODUCTION, MEASURED IN TONS",TOTAL,NOT SPECIFIED,"916,000",
SURVEY,1984,MARKETING YEAR,,STATE,FLORIDA,12,,,,,,,0,,SUGARCANE,"SUGARCANE, SUGAR - PRICE RECEIVED, MEASURED IN $ / TON",TOTAL,NOT SPECIFIED,28.9,
SURVEY,1984,MARKETING YEAR,,STATE,HAWAII,15,,,,,,,0,,SUGARCANE,"SUGARCANE, SUGAR - PRICE RECEIVED, MEASURED IN $ / TON",TOTAL,NOT SPECIFIED,30.3,
SURVEY,1984,MARKETING YEAR,,STATE,LOUISIANA,22,,,,,,,0,,SUGARCANE,"SUGARCANE, SUGAR - PRICE RECEIVED, MEASURED IN $ / TON",TOTAL,NOT SPECIFIED,23.9,
SURVEY,1984,MARKETING YEAR,,STATE,TEXAS,48,,,,,,,0,,SUGARCANE,"SUGARCANE, SUGAR - PRICE RECEIVED, MEASURED IN $ / TON",TOTAL,NOT SPECIFIED,21.7,
SURVEY,1984,YEAR,,STATE,FLORIDA,12,,,,,,,0,,SUGARCANE,"SUGARCANE, SUGAR - PRODUCTION, MEASURED IN $",TOTAL,NOT SPECIFIED,"349,314,000",
SURVEY,1984,YEAR,,STATE,FLORIDA,12,,,,,,,0,,SUGARCANE,"SUGARCANE, SUGAR - PRODUCTION, MEASURED IN TONS",TOTAL,NOT SPECIFIED,"12,087,000",
SURVEY,1984,YEAR,,STATE,HAWAII,15,,,,,,,0,,SUGARCANE,"SUGARCANE, SUGAR - PRODUCTION, MEASURED IN $",TOTAL,NOT SPECIFIED,"256,156,000",
SURVEY,1984,YEAR,,STATE,HAWAII,15,,,,,,,0,,SUGARCANE,"SUGARCANE, SUGAR - PRODUCTION, MEASURED IN TONS",TOTAL,NOT SPECIFIED,"8,454,000",
SURVEY,1984,YEAR,,STATE,LOUISIANA,22,,,,,,,0,,SUGARCANE,"SUGARCANE, SUGAR - PRODUCTION, MEASURED IN $",TOTAL,NOT SPECIFIED,"107,789,000",
SURVEY,1984,YEAR,,STATE,LOUISIANA,22,,,,,,,0,,SUGARCANE,"SUGARCANE, SUGAR - PRODUCTION, MEASURED IN TONS",TOTAL,NOT SPECIFIED,"4,510,000",
SURVEY,1984,YEAR,,STATE,TEXAS,48,,,,,,,0,,SUGARCANE,"SUGARCANE, SUGAR - PRODUCTION, MEASURED IN $",TOTAL,NOT SPECIFIED,"20,767,000",
SURVEY,1984,YEAR,,STATE,TEXAS,48,,,,,,,0,,SUGARCANE,"SUGARCANE, SUGAR - PRODUCTION, MEASURED IN TONS",TOTAL,NOT SPECIFIED,"957,000",
SURVEY,1983,MARKETING YEAR,,STATE,FLORIDA,12,,,,,,,0,,SUGARCANE,"SUGARCANE, SUGAR - PRICE RECEIVED, MEASURED IN $ / TON",TOTAL,NOT SPECIFIED,28.6,
SURVEY,1983,MARKETING YEAR,,STATE,HAWAII,15,,,,,,,0,,SUGARCANE,"SUGARCANE, SUGAR - PRICE RECEIVED, MEASURED IN $ / TON",TOTAL,NOT SPECIFIED,29.9,
SURVEY,1983,MARKETING YEAR,,STATE,LOUISIANA,22,,,,,,,0,,SUGARCANE,"SUGARCANE, SUGAR - PRICE RECEIVED, MEASURED IN $ / TON",TOTAL,NOT SPECIFIED,25.3,
SURVEY,1983,MARKETING YEAR,,STATE,TEXAS,48,,,,,,,0,,SUGARCANE,"SUGARCANE, SUGAR - PRICE RECEIVED, MEASURED IN $ / TON",TOTAL,NOT SPECIFIED,15.2,
SURVEY,1983,YEAR,,STATE,FLORIDA,12,,,,,,,0,,SUGARCANE,"SUGARCANE, SUGAR - PRODUCTION, MEASURED IN $",TOTAL,NOT SPECIFIED,"324,038,000",
SURVEY,1983,YEAR,,STATE,FLORIDA,12,,,,,,,0,,SUGARCANE,"SUGARCANE, SUGAR - PRODUCTION, MEASURED IN TONS",TOTAL,NOT SPECIFIED,"11,330,000",
SURVEY,1983,YEAR,,STATE,HAWAII,15,,,,,,,0,,SUGARCANE,"SUGARCANE, SUGAR - PRODUCTION, MEASURED IN $",TOTAL,NOT SPECIFIED,"266,887,000",
SURVEY,1983,YEAR,,STATE,HAWAII,15,,,,,,,0,,SUGARCANE,"SUGARCANE, SUGAR - PRODUCTION, MEASURED IN TONS",TOTAL,NOT SPECIFIED,"8,926,000",
SURVEY,1983,YEAR,,STATE,LOUISIANA,22,,,,,,,0,,SUGARCANE,"SUGARCANE, SUGAR - PRODUCTION, MEASURED IN $",TOTAL,NOT SPECIFIED,"148,005,000",
SURVEY,1983,YEAR,,STATE,LOUISIANA,22,,,,,,,0,,SUGARCANE,"SUGARCANE, SUGAR - PRODUCTION, MEASURED IN TONS",TOTAL,NOT SPECIFIED,"5,850,000",
SURVEY,1983,YEAR,,STATE,TEXAS,48,,,,,,,0,,SUGARCANE,"SUGARCANE, SUGAR - PRODUCTION, MEASURED IN $",TOTAL,NOT SPECIFIED,"16,644,000",
SURVEY,1983,YEAR,,STATE,TEXAS,48,,,,,,,0,,SUGARCANE,"SUGARCANE, SUGAR - PRODUCTION, MEASURED IN TONS",TOTAL,NOT SPECIFIED,"1,095,000",
SURVEY,1982,MARKETING YEAR,,STATE,FLORIDA,12,,,,,,,0,,SUGARCANE,"SUGARCANE, SUGAR - PRICE RECEIVED, MEASURED IN $ / TON",TOTAL,NOT SPECIFIED,28.2,
SURVEY,1982,MARKETING YEAR,,STATE,HAWAII,15,,,,,,,0,,SUGARCANE,"SUGARCANE, SUGAR - PRICE RECEIVED, MEASURED IN $ / TON",TOTAL,NOT SPECIFIED,26.2,
SURVEY,1982,MARKETING YEAR,,STATE,LOUISIANA,22,,,,,,,0,,SUGARCANE,"SUGARCANE, SUGAR - PRICE RECEIVED, MEASURED IN $ / TON",TOTAL,NOT SPECIFIED,25.1,
SURVEY,1982,MARKETING YEAR,,STATE,TEXAS,48,,,,,,,0,,SUGARCANE,"SUGARCANE, SUGAR - PRICE RECEIVED, MEASURED IN $ / TON",TOTAL,NOT SPECIFIED,19.5,
SURVEY,1982,YEAR,,STATE,FLORIDA,12,,,,,,,0,,SUGARCANE,"SUGARCANE, SUGAR - PRODUCTION, MEASURED IN $",TOTAL,NOT SPECIFIED,"340,825,000",
SURVEY,1982,YEAR,,STATE,FLORIDA,12,,,,,,,0,,SUGARCANE,"SUGARCANE, SUGAR - PRODUCTION, MEASURED IN TONS",TOTAL,NOT SPECIFIED,"12,086,000",
SURVEY,1982,YEAR,,STATE,HAWAII,15,,,,,,,0,,SUGARCANE,"SUGARCANE, SUGAR - PRODUCTION, MEASURED IN $",TOTAL,NOT SPECIFIED,"230,770,000",
SURVEY,1982,YEAR,,STATE,HAWAII,15,,,,,,,0,,SUGARCANE,"SUGARCANE, SUGAR - PRODUCTION, MEASURED IN TONS",TOTAL,NOT SPECIFIED,"8,808,000",
SURVEY,1982,YEAR,,STATE,LOUISIANA,22,,,,,,,0,,SUGARCANE,"SUGARCANE, SUGAR - PRODUCTION, MEASURED IN $",TOTAL,NOT SPECIFIED,"161,895,000",
SURVEY,1982,YEAR,,STATE,LOUISIANA,22,,,,,,,0,,SUGARCANE,"SUGARCANE, SUGAR - PRODUCTION, MEASURED IN TONS",TOTAL,NOT SPECIFIED,"6,450,000",
SURVEY,1982,YEAR,,STATE,TEXAS,48,,,,,,,0,,SUGARCANE,"SUGARCANE, SUGAR - PRODUCTION, MEASURED IN $",TOTAL,NOT SPECIFIED,"21,548,000",
SURVEY,1982,YEAR,,STATE,TEXAS,48,,,,,,,0,,SUGARCANE,"SUGARCANE, SUGAR - PRODUCTION, MEASURED IN TONS",TOTAL,NOT SPECIFIED,"1,105,000",
SURVEY,1981,MARKETING YEAR,,STATE,FLORIDA,12,,,,,,,0,,SUGARCANE,"SUGARCANE, SUGAR - PRICE RECEIVED, MEASURED IN $ / TON",TOTAL,NOT SPECIFIED,28.6,
SURVEY,1981,MARKETING YEAR,,STATE,HAWAII,15,,,,,,,0,,SUGARCANE,"SUGARCANE, SUGAR - PRICE RECEIVED, MEASURED IN $ / TON",TOTAL,NOT SPECIFIED,23.5,
SURVEY,1981,MARKETING YEAR,,STATE,LOUISIANA,22,,,,,,,0,,SUGARCANE,"SUGARCANE, SUGAR - PRICE RECEIVED, MEASURED IN $ / TON",TOTAL,NOT SPECIFIED,22.9,
SURVEY,1981,MARKETING YEAR,,STATE,TEXAS,48,,,,,,,0,,SUGARCANE,"SUGARCANE, SUGAR - PRICE RECEIVED, MEASURED IN $ / TON",TOTAL,NOT SPECIFIED,15.9,
SURVEY,1981,YEAR,,STATE,FLORIDA,12,,,,,,,0,,SUGARCANE,"SUGARCANE, SUGAR - PRODUCTION, MEASURED IN $",TOTAL,NOT SPECIFIED,"272,558,000",
SURVEY,1981,YEAR,,STATE,FLORIDA,12,,,,,,,0,,SUGARCANE,"SUGARCANE, SUGAR - PRODUCTION, MEASURED IN TONS",TOTAL,NOT SPECIFIED,"9,530,000",
SURVEY,1981,YEAR,,STATE,HAWAII,15,,,,,,,0,,SUGARCANE,"SUGARCANE, SUGAR - PRODUCTION, MEASURED IN $",TOTAL,NOT SPECIFIED,"207,529,000",
SURVEY,1981,YEAR,,STATE,HAWAII,15,,,,,,,0,,SUGARCANE,"SUGARCANE, SUGAR - PRODUCTION, MEASURED IN TONS",TOTAL,NOT SPECIFIED,"8,831,000",
SURVEY,1981,YEAR,,STATE,LOUISIANA,22,,,,,,,0,,SUGARCANE,"SUGARCANE, SUGAR - PRODUCTION, MEASURED IN $",TOTAL,NOT SPECIFIED,"152,285,000",
SURVEY,1981,YEAR,,STATE,LOUISIANA,22,,,,,,,0,,SUGARCANE,"SUGARCANE, SUGAR - PRODUCTION, MEASURED IN TONS",TOTAL,NOT SPECIFIED,"6,650,000",
SURVEY,1981,YEAR,,STATE,TEXAS,48,,,,,,,0,,SUGARCANE,"SUGARCANE, SUGAR - PRODUCTION, MEASURED IN $",TOTAL,NOT SPECIFIED,"18,349,000",
SURVEY,1981,YEAR,,STATE,TEXAS,48,,,,,,,0,,SUGARCANE,"SUGARCANE, SUGAR - PRODUCTION, MEASURED IN TONS",TOTAL,NOT SPECIFIED,"1,154,000",
SURVEY,1980,MARKETING YEAR,,STATE,FLORIDA,12,,,,,,,0,,SUGARCANE,"SUGARCANE, SUGAR - PRICE RECEIVED, MEASURED IN $ / TON",TOTAL,NOT SPECIFIED,39.4,
SURVEY,1980,MARKETING YEAR,,STATE,HAWAII,15,,,,,,,0,,SUGARCANE,"SUGARCANE, SUGAR - PRICE RECEIVED, MEASURED IN $ / TON",TOTAL,NOT SPECIFIED,41.8,
SURVEY,1980,MARKETING YEAR,,STATE,LOUISIANA,22,,,,,,,0,,SUGARCANE,"SUGARCANE, SUGAR - PRICE RECEIVED, MEASURED IN $ / TON",TOTAL,NOT SPECIFIED,33.2,
SURVEY,1980,MARKETING YEAR,,STATE,TEXAS,48,,,,,,,0,,SUGARCANE,"SUGARCANE, SUGAR - PRICE RECEIVED, MEASURED IN $ / TON",TOTAL,NOT SPECIFIED,27.1,
SURVEY,1980,YEAR,,STATE,FLORIDA,12,,,,,,,0,,SUGARCANE,"SUGARCANE, SUGAR - PRODUCTION, MEASURED IN $",TOTAL,NOT SPECIFIED,"393,409,000",
SURVEY,1980,YEAR,,STATE,FLORIDA,12,,,,,,,0,,SUGARCANE,"SUGARCANE, SUGAR - PRODUCTION, MEASURED IN TONS",TOTAL,NOT SPECIFIED,"9,985,000",
SURVEY,1980,YEAR,,STATE,HAWAII,15,,,,,,,0,,SUGARCANE,"SUGARCANE, SUGAR - PRODUCTION, MEASURED IN $",TOTAL,NOT SPECIFIED,"385,145,000",
SURVEY,1980,YEAR,,STATE,HAWAII,15,,,,,,,0,,SUGARCANE,"SUGARCANE, SUGAR - PRODUCTION, MEASURED IN TONS",TOTAL,NOT SPECIFIED,"9,214,000",
SURVEY,1980,YEAR,,STATE,LOUISIANA,22,,,,,,,0,,SUGARCANE,"SUGARCANE, SUGAR - PRODUCTION, MEASURED IN $",TOTAL,NOT SPECIFIED,"179,745,000",
SURVEY,1980,YEAR,,STATE,LOUISIANA,22,,,,,,,0,,SUGARCANE,"SUGARCANE, SUGAR - PRODUCTION, MEASURED IN TONS",TOTAL,NOT SPECIFIED,"5,414,000",
SURVEY,1980,YEAR,,STATE,TEXAS,48,,,,,,,0,,SUGARCANE,"SUGARCANE, SUGAR - PRODUCTION, MEASURED IN $",TOTAL,NOT SPECIFIED,"26,260,000",
SURVEY,1980,YEAR,,STATE,TEXAS,48,,,,,,,0,,SUGARCANE,"SUGARCANE, SUGAR - PRODUCTION, MEASURED IN TONS",TOTAL,NOT SPECIFIED,"969,000",
SURVEY,1979,MARKETING YEAR,,STATE,FLORIDA,12,,,,,,,0,,SUGARCANE,"SUGARCANE, SUGAR - PRICE RECEIVED, MEASURED IN $ / TON",TOTAL,NOT SPECIFIED,30.3,
SURVEY,1979,MARKETING YEAR,,STATE,HAWAII,15,,,,,,,0,,SUGARCANE,"SUGARCANE, SUGAR - PRICE RECEIVED, MEASURED IN $ / TON",TOTAL,NOT SPECIFIED,22.6,
SURVEY,1979,MARKETING YEAR,,STATE,LOUISIANA,22,,,,,,,0,,SUGARCANE,"SUGARCANE, SUGAR - PRICE RECEIVED, MEASURED IN $ / TON",TOTAL,NOT SPECIFIED,24.2,
SURVEY,1979,MARKETING YEAR,,STATE,TEXAS,48,,,,,,,0,,SUGARCANE,"SUGARCANE, SUGAR - PRICE RECEIVED, MEASURED IN $ / TON",TOTAL,NOT SPECIFIED,25.2,
SURVEY,1979,YEAR,,STATE,FLORIDA,12,,,,,,,0,,SUGARCANE,"SUGARCANE, SUGAR - PRODUCTION, MEASURED IN $",TOTAL,NOT SPECIFIED,"302,243,000",
SURVEY,1979,YEAR,,STATE,FLORIDA,12,,,,,,,0,,SUGARCANE,"SUGARCANE, SUGAR - PRODUCTION, MEASURED IN TONS",TOTAL,NOT SPECIFIED,"9,975,000",
SURVEY,1979,YEAR,,STATE,HAWAII,15,,,,,,,0,,SUGARCANE,"SUGARCANE, SUGAR - PRODUCTION, MEASURED IN $",TOTAL,NOT SPECIFIED,"217,683,000",
SURVEY,1979,YEAR,,STATE,HAWAII,15,,,,,,,0,,SUGARCANE,"SUGARCANE, SUGAR - PRODUCTION, MEASURED IN TONS",TOTAL,NOT SPECIFIED,"9,632,000",
SURVEY,1979,YEAR,,STATE,LOUISIANA,22,,,,,,,0,,SUGARCANE,"SUGARCANE, SUGAR - PRODUCTION, MEASURED IN $",TOTAL,NOT SPECIFIED,"119,790,000",
SURVEY,1979,YEAR,,STATE,LOUISIANA,22,,,,,,,0,,SUGARCANE,"SUGARCANE, SUGAR - PRODUCTION, MEASURED IN TONS",TOTAL,NOT SPECIFIED,"4,950,000",
SURVEY,1979,YEAR,,STATE,TEXAS,48,,,,,,,0,,SUGARCANE,"SUGARCANE, SUGAR - PRODUCTION, MEASURED IN $",TOTAL,NOT SPECIFIED,"21,496,000",
SURVEY,1979,YEAR,,STATE,TEXAS,48,,,,,,,0,,SUGARCANE,"SUGARCANE, SUGAR - PRODUCTION, MEASURED IN TONS",TOTAL,NOT SPECIFIED,"853,000",
SURVEY,1978,MARKETING YEAR,,STATE,FLORIDA,12,,,,,,,0,,SUGARCANE,"SUGARCANE, SUGAR - PRICE RECEIVED, MEASURED IN $ / TON",TOTAL,NOT SPECIFIED,20.5,
SURVEY,1978,MARKETING YEAR,,STATE,HAWAII,15,,,,,,,0,,SUGARCANE,"SUGARCANE, SUGAR - PRICE RECEIVED, MEASURED IN $ / TON",TOTAL,NOT SPECIFIED,19.7,
SURVEY,1978,MARKETING YEAR,,STATE,LOUISIANA,22,,,,,,,0,,SUGARCANE,"SUGARCANE, SUGAR - PRICE RECEIVED, MEASURED IN $ / TON",TOTAL,NOT SPECIFIED,18.9,
SURVEY,1978,MARKETING YEAR,,STATE,TEXAS,48,,,,,,,0,,SUGARCANE,"SUGARCANE, SUGAR - PRICE RECEIVED, MEASURED IN $ / TON",TOTAL,NOT SPECIFIED,11,
SURVEY,1978,YEAR,,STATE,FLORIDA,12,,,,,,,0,,SUGARCANE,"SUGARCANE, SUGAR - PRODUCTION, MEASURED IN $",TOTAL,NOT SPECIFIED,"187,780,000",
SURVEY,1978,YEAR,,STATE,FLORIDA,12,,,,,,,0,,SUGARCANE,"SUGARCANE, SUGAR - PRODUCTION, MEASURED IN TONS",TOTAL,NOT SPECIFIED,"9,160,000",
SURVEY,1978,YEAR,,STATE,HAWAII,15,,,,,,,0,,SUGARCANE,"SUGARCANE, SUGAR - PRODUCTION, MEASURED IN $",TOTAL,NOT SPECIFIED,"182,481,000",
SURVEY,1978,YEAR,,STATE,HAWAII,15,,,,,,,0,,SUGARCANE,"SUGARCANE, SUGAR - PRODUCTION, MEASURED IN TONS",TOTAL,NOT SPECIFIED,"9,263,000",
SURVEY,1978,YEAR,,STATE,LOUISIANA,22,,,,,,,0,,SUGARCANE,"SUGARCANE, SUGAR - PRODUCTION, MEASURED IN $",TOTAL,NOT SPECIFIED,"102,986,000",
SURVEY,1978,YEAR,,STATE,LOUISIANA,22,,,,,,,0,,SUGARCANE,"SUGARCANE, SUGAR - PRODUCTION, MEASURED IN TONS",TOTAL,NOT SPECIFIED,"5,449,000",
SURVEY,1978,YEAR,,STATE,TEXAS,48,,,,,,,0,,SUGARCANE,"SUGARCANE, SUGAR - PRODUCTION, MEASURED IN $",TOTAL,NOT SPECIFIED,"10,439,000",
SURVEY,1978,YEAR,,STATE,TEXAS,48,,,,,,,0,,SUGARCANE,"SUGARCANE, SUGAR - PRODUCTION, MEASURED IN TONS",TOTAL,NOT SPECIFIED,"949,000",
SURVEY,1977,YEAR,,STATE,FLORIDA,12,,,,,,,0,,SUGARCANE,"SUGARCANE, SUGAR - PRODUCTION, MEASURED IN TONS",TOTAL,NOT SPECIFIED,"8,493,000",
SURVEY,1977,YEAR,,STATE,HAWAII,15,,,,,,,0,,SUGARCANE,"SUGARCANE, SUGAR - PRODUCTION, MEASURED IN TONS",TOTAL,NOT SPECIFIED,"8,994,000",
SURVEY,1977,YEAR,,STATE,LOUISIANA,22,,,,,,,0,,SUGARCANE,"SUGARCANE, SUGAR - PRODUCTION, MEASURED IN TONS",TOTAL,NOT SPECIFIED,"7,265,000",
SURVEY,1977,YEAR,,STATE,TEXAS,48,,,,,,,0,,SUGARCANE,"SUGARCANE, SUGAR - PRODUCTION, MEASURED IN TONS",TOTAL,NOT SPECIFIED,"978,000",
SURVEY,1976,YEAR,,STATE,FLORIDA,12,,,,,,,0,,SUGARCANE,"SUGARCANE, SUGAR - PRODUCTION, MEASURED IN TONS",TOTAL,NOT SPECIFIED,"9,324,000",
SURVEY,1976,YEAR,,STATE,HAWAII,15,,,,,,,0,,SUGARCANE,"SUGARCANE, SUGAR - PRODUCTION, MEASURED IN TONS",TOTAL,NOT SPECIFIED,"9,173,000",
SURVEY,1976,YEAR,,STATE,LOUISIANA,22,,,,,,,0,,SUGARCANE,"SUGARCANE, SUGAR - PRODUCTION, MEASURED IN TONS",TOTAL,NOT SPECIFIED,"7,451,000",
SURVEY,1976,YEAR,,STATE,TEXAS,48,,,,,,,0,,SUGARCANE,"SUGARCANE, SUGAR - PRODUCTION, MEASURED IN TONS",TOTAL,NOT SPECIFIED,"971,000",
SURVEY,1975,YEAR,,STATE,FLORIDA,12,,,,,,,0,,SUGARCANE,"SUGARCANE, SUGAR - PRODUCTION, MEASURED IN TONS",TOTAL,NOT SPECIFIED,"10,117,000",
SURVEY,1975,YEAR,,STATE,HAWAII,15,,,,,,,0,,SUGARCANE,"SUGARCANE, SUGAR - PRODUCTION, MEASURED IN TONS",TOTAL,NOT SPECIFIED,"9,485,000",
SURVEY,1975,YEAR,,STATE,LOUISIANA,22,,,,,,,0,,SUGARCANE,"SUGARCANE, SUGAR - PRODUCTION, MEASURED IN TONS",TOTAL,NOT SPECIFIED,"6,468,000",
SURVEY,1975,YEAR,,STATE,TEXAS,48,,,,,,,0,,SUGARCANE,"SUGARCANE, SUGAR - PRODUCTION, MEASURED IN TONS",TOTAL,NOT SPECIFIED,"1,236,000",
SURVEY,1974,YEAR,,STATE,FLORIDA,12,,,,,,,0,,SUGARCANE,"SUGARCANE, SUGAR - PRODUCTION, MEASURED IN TONS",TOTAL,NOT SPECIFIED,"7,184,000",
SURVEY,1974,YEAR,,STATE,HAWAII,15,,,,,,,0,,SUGARCANE,"SUGARCANE, SUGAR - PRODUCTION, MEASURED IN TONS",TOTAL,NOT SPECIFIED,"9,081,000",
SURVEY,1974,YEAR,,STATE,LOUISIANA,22,,,,,,,0,,SUGARCANE,"SUGARCANE, SUGAR - PRODUCTION, MEASURED IN TONS",TOTAL,NOT SPECIFIED,"6,558,000",
SURVEY,1974,YEAR,,STATE,TEXAS,48,,,,,,,0,,SUGARCANE,"SUGARCANE, SUGAR - PRODUCTION, MEASURED IN TONS",TOTAL,NOT SPECIFIED,"898,000",
SURVEY,1973,YEAR,,STATE,FLORIDA,12,,,,,,,0,,SUGARCANE,"SUGARCANE, SUGAR - PRODUCTION, MEASURED IN TONS",TOTAL,NOT SPECIFIED,"8,089,000",
SURVEY,1973,YEAR,,STATE,HAWAII,15,,,,,,,0,,SUGARCANE,"SUGARCANE, SUGAR - PRODUCTION, MEASURED IN TONS",TOTAL,NOT SPECIFIED,"9,645,000",
SURVEY,1973,YEAR,,STATE,LOUISIANA,22,,,,,,,0,,SUGARCANE,"SUGARCANE, SUGAR - PRODUCTION, MEASURED IN TONS",TOTAL,NOT SPECIFIED,"6,570,000",
SURVEY,1973,YEAR,,STATE,TEXAS,48,,,,,,,0,,SUGARCANE,"SUGARCANE, SUGAR - PRODUCTION, MEASURED IN TONS",TOTAL,NOT SPECIFIED,"620,000",
SURVEY,1972,YEAR,,STATE,FLORIDA,12,,,,,,,0,,SUGARCANE,"SUGARCANE, SUGAR - PRODUCTION, MEASURED IN TONS",TOTAL,NOT SPECIFIED,"9,288,000",
SURVEY,1972,YEAR,,STATE,HAWAII,15,,,,,,,0,,SUGARCANE,"SUGARCANE, SUGAR - PRODUCTION, MEASURED IN TONS",TOTAL,NOT SPECIFIED,"9,929,000",
SURVEY,1972,YEAR,,STATE,LOUISIANA,22,,,,,,,0,,SUGARCANE,"SUGARCANE, SUGAR - PRODUCTION, MEASURED IN TONS",TOTAL,NOT SPECIFIED,"8,022,000",
SURVEY,1971,YEAR,,STATE,FLORIDA,12,,,,,,,0,,SUGARCANE,"SUGARCANE, SUGAR - PRODUCTION, MEASURED IN TONS",TOTAL,NOT SPECIFIED,"6,022,000",
SURVEY,1971,YEAR,,STATE,HAWAII,15,,,,,,,0,,SUGARCANE,"SUGARCANE, SUGAR - PRODUCTION, MEASURED IN TONS",TOTAL,NOT SPECIFIED,"10,685,000",
SURVEY,1971,YEAR,,STATE,LOUISIANA,22,,,,,,,0,,SUGARCANE,"SUGARCANE, SUGAR - PRODUCTION, MEASURED IN TONS",TOTAL,NOT SPECIFIED,"6,438,000",
SURVEY,1970,YEAR,,STATE,FLORIDA,12,,,,,,,0,,SUGARCANE,"SUGARCANE, SUGAR - PRODUCTION, MEASURED IN TONS",TOTAL,NOT SPECIFIED,"5,671,000",
SURVEY,1970,YEAR,,STATE,HAWAII,15,,,,,,,0,,SUGARCANE,"SUGARCANE, SUGAR - PRODUCTION, MEASURED IN TONS",TOTAL,NOT SPECIFIED,"10,457,000",
SURVEY,1970,YEAR,,STATE,LOUISIANA,22,,,,,,,0,,SUGARCANE,"SUGARCANE, SUGAR - PRODUCTION, MEASURED IN TONS",TOTAL,NOT SPECIFIED,"6,927,000",
SURVEY,1969,YEAR,,STATE,FLORIDA,12,,,,,,,0,,SUGARCANE,"SUGARCANE, SUGAR - PRODUCTION, MEASURED IN TONS",TOTAL,NOT SPECIFIED,"5,199,000",
SURVEY,1969,YEAR,,STATE,HAWAII,15,,,,,,,0,,SUGARCANE,"SUGARCANE, SUGAR - PRODUCTION, MEASURED IN TONS",TOTAL,NOT SPECIFIED,"10,839,000",
SURVEY,1969,YEAR,,STATE,LOUISIANA,22,,,,,,,0,,SUGARCANE,"SUGARCANE, SUGAR - PRODUCTION, MEASURED IN TONS",TOTAL,NOT SPECIFIED,"5,676,000",
SURVEY,1968,YEAR,,STATE,FLORIDA,12,,,,,,,0,,SUGARCANE,"SUGARCANE, SUGAR - PRODUCTION, MEASURED IN TONS",TOTAL,NOT SPECIFIED,"5,368,000",
SURVEY,1968,YEAR,,STATE,HAWAII,15,,,,,,,0,,SUGARCANE,"SUGARCANE, SUGAR - PRODUCTION, MEASURED IN TONS",TOTAL,NOT SPECIFIED,"11,280,000",
SURVEY,1968,YEAR,,STATE,LOUISIANA,22,,,,,,,0,,SUGARCANE,"SUGARCANE, SUGAR - PRODUCTION, MEASURED IN TONS",TOTAL,NOT SPECIFIED,"7,377,000",
SURVEY,1967,YEAR,,STATE,FLORIDA,12,,,,,,,0,,SUGARCANE,"SUGARCANE, SUGAR - PRODUCTION, MEASURED IN TONS",TOTAL,NOT SPECIFIED,"6,542,000",
SURVEY,1967,YEAR,,STATE,HAWAII,15,,,,,,,0,,SUGARCANE,"SUGARCANE, SUGAR - PRODUCTION, MEASURED IN TONS",TOTAL,NOT SPECIFIED,"11,046,000",
SURVEY,1967,YEAR,,STATE,LOUISIANA,22,,,,,,,0,,SUGARCANE,"SUGARCANE, SUGAR - PRODUCTION, MEASURED IN TONS",TOTAL,NOT SPECIFIED,"8,111,000",
SURVEY,1966,YEAR,,STATE,FLORIDA,12,,,,,,,0,,SUGARCANE,"SUGARCANE, SUGAR - PRODUCTION, MEASURED IN TONS",TOTAL,NOT SPECIFIED,"6,057,000",
SURVEY,1966,YEAR,,STATE,HAWAII,15,,,,,,,0,,SUGARCANE,"SUGARCANE, SUGAR - PRODUCTION, MEASURED IN TONS",TOTAL,NOT SPECIFIED,"10,970,000",
SURVEY,1966,YEAR,,STATE,LOUISIANA,22,,,,,,,0,,SUGARCANE,"SUGARCANE, SUGAR - PRODUCTION, MEASURED IN TONS",TOTAL,NOT SPECIFIED,"6,563,000",
SURVEY,1965,YEAR,,STATE,FLORIDA,12,,,,,,,0,,SUGARCANE,"SUGARCANE, SUGAR - PRODUCTION, MEASURED IN TONS",TOTAL,NOT SPECIFIED,"5,505,000",
SURVEY,1965,YEAR,,STATE,HAWAII,15,,,,,,,0,,SUGARCANE,"SUGARCANE, SUGAR - PRODUCTION, MEASURED IN TONS",TOTAL,NOT SPECIFIED,"10,738,000",
SURVEY,1965,YEAR,,STATE,LOUISIANA,22,,,,,,,0,,SUGARCANE,"SUGARCANE, SUGAR - PRODUCTION, MEASURED IN TONS",TOTAL,NOT SPECIFIED,"6,542,000",
SURVEY,1964,YEAR,,STATE,FLORIDA,12,,,,,,,0,,SUGARCANE,"SUGARCANE, SUGAR - PRODUCTION, MEASURED IN TONS",TOTAL,NOT SPECIFIED,"6,439,000",
SURVEY,1964,YEAR,,STATE,HAWAII,15,,,,,,,0,,SUGARCANE,"SUGARCANE, SUGAR - PRODUCTION, MEASURED IN TONS",TOTAL,NOT SPECIFIED,"10,495,000",
SURVEY,1964,YEAR,,STATE,LOUISIANA,22,,,,,,,0,,SUGARCANE,"SUGARCANE, SUGAR - PRODUCTION, MEASURED IN TONS",TOTAL,NOT SPECIFIED,"7,383,000",
SURVEY,1963,YEAR,,STATE,FLORIDA,12,,,,,,,0,,SUGARCANE,"SUGARCANE, SUGAR - PRODUCTION, MEASURED IN TONS",TOTAL,NOT SPECIFIED,"4,446,000",
SURVEY,1963,YEAR,,STATE,HAWAII,15,,,,,,,0,,SUGARCANE,"SUGARCANE, SUGAR - PRODUCTION, MEASURED IN TONS",TOTAL,NOT SPECIFIED,"10,034,000",
SURVEY,1963,YEAR,,STATE,LOUISIANA,22,,,,,,,0,,SUGARCANE,"SUGARCANE, SUGAR - PRODUCTION, MEASURED IN TONS",TOTAL,NOT SPECIFIED,"8,554,000",
SURVEY,1962,YEAR,,STATE,FLORIDA,12,,,,,,,0,,SUGARCANE,"SUGARCANE, SUGAR - PRODUCTION, MEASURED IN TONS",TOTAL,NOT SPECIFIED,"4,050,000",
SURVEY,1962,YEAR,,STATE,HAWAII,15,,,,,,,0,,SUGARCANE,"SUGARCANE, SUGAR - PRODUCTION, MEASURED IN TONS",TOTAL,NOT SPECIFIED,"9,813,000",
SURVEY,1962,YEAR,,STATE,LOUISIANA,22,,,,,,,0,,SUGARCANE,"SUGARCANE, SUGAR - PRODUCTION, MEASURED IN TONS",TOTAL,NOT SPECIFIED,"5,315,000",
SURVEY,1961,YEAR,,STATE,FLORIDA,12,,,,,,,0,,SUGARCANE,"SUGARCANE, SUGAR - PRODUCTION, MEASURED IN TONS",TOTAL,NOT SPECIFIED,"2,036,000",
SURVEY,1961,YEAR,,STATE,HAWAII,15,,,,,,,0,,SUGARCANE,"SUGARCANE, SUGAR - PRODUCTION, MEASURED IN TONS",TOTAL,NOT SPECIFIED,"9,595,000",
SURVEY,1961,YEAR,,STATE,LOUISIANA,22,,,,,,,0,,SUGARCANE,"SUGARCANE, SUGAR - PRODUCTION, MEASURED IN TONS",TOTAL,NOT SPECIFIED,"7,118,000",
SURVEY,1960,YEAR,,STATE,FLORIDA,12,,,,,,,0,,SUGARCANE,"SUGARCANE, SUGAR - PRODUCTION, MEASURED IN TONS",TOTAL,NOT SPECIFIED,"1,554,000",
SURVEY,1960,YEAR,,STATE,HAWAII,15,,,,,,,0,,SUGARCANE,"SUGARCANE, SUGAR - PRODUCTION, MEASURED IN TONS",TOTAL,NOT SPECIFIED,"8,613,000",
SURVEY,1960,YEAR,,STATE,LOUISIANA,22,,,,,,,0,,SUGARCANE,"SUGARCANE, SUGAR - PRODUCTION, MEASURED IN TONS",TOTAL,NOT SPECIFIED,"5,583,000",
SURVEY,1959,YEAR,,STATE,FLORIDA,12,,,,,,,0,,SUGARCANE,"SUGARCANE, SUGAR - PRODUCTION, MEASURED IN TONS",TOTAL,NOT SPECIFIED,"1,771,000",
SURVEY,1959,YEAR,,STATE,HAWAII,15,,,,,,,0,,SUGARCANE,"SUGARCANE, SUGAR - PRODUCTION, MEASURED IN TONS",TOTAL,NOT SPECIFIED,"9,416,000",
SURVEY,1959,YEAR,,STATE,LOUISIANA,22,,,,,,,0,,SUGARCANE,"SUGARCANE, SUGAR - PRODUCTION, MEASURED IN TONS",TOTAL,NOT SPECIFIED,"5,073,000",
SURVEY,1958,YEAR,,STATE,FLORIDA,12,,,,,,,0,,SUGARCANE,"SUGARCANE, SUGAR - PRODUCTION, MEASURED IN TONS",TOTAL,NOT SPECIFIED,"1,303,000",
SURVEY,1958,YEAR,,STATE,HAWAII,15,,,,,,,0,,SUGARCANE,"SUGARCANE, SUGAR - PRODUCTION, MEASURED IN TONS",TOTAL,NOT SPECIFIED,"7,553,000",
SURVEY,1958,YEAR,,STATE,LOUISIANA,22,,,,,,,0,,SUGARCANE,"SUGARCANE, SUGAR - PRODUCTION, MEASURED IN TONS",TOTAL,NOT SPECIFIED,"4,879,000",
SURVEY,1957,YEAR,,STATE,FLORIDA,12,,,,,,,0,,SUGARCANE,"SUGARCANE, SUGAR - PRODUCTION, MEASURED IN TONS",TOTAL,NOT SPECIFIED,"1,358,000",
SURVEY,1957,YEAR,,STATE,HAWAII,15,,,,,,,0,,SUGARCANE,"SUGARCANE, SUGAR - PRODUCTION, MEASURED IN TONS",TOTAL,NOT SPECIFIED,"9,448,000",
SURVEY,1957,YEAR,,STATE,LOUISIANA,22,,,,,,,0,,SUGARCANE,"SUGARCANE, SUGAR - PRODUCTION, MEASURED IN TONS",TOTAL,NOT SPECIFIED,"4,976,000",
SURVEY,1956,YEAR,,STATE,FLORIDA,12,,,,,,,0,,SUGARCANE,"SUGARCANE, SUGAR - PRODUCTION, MEASURED IN TONS",TOTAL,NOT SPECIFIED,"1,197,000",
SURVEY,1956,YEAR,,STATE,HAWAII,15,,,,,,,0,,SUGARCANE,"SUGARCANE, SUGAR - PRODUCTION, MEASURED IN TONS",TOTAL,NOT SPECIFIED,"9,910,000",
SURVEY,1956,YEAR,,STATE,LOUISIANA,22,,,,,,,0,,SUGARCANE,"SUGARCANE, SUGAR - PRODUCTION, MEASURED IN TONS",TOTAL,NOT SPECIFIED,"4,817,000",
SURVEY,1955,YEAR,,STATE,FLORIDA,12,,,,,,,0,,SUGARCANE,"SUGARCANE, SUGAR - PRODUCTION, MEASURED IN TONS",TOTAL,NOT SPECIFIED,"1,160,000",
SURVEY,1955,YEAR,,STATE,HAWAII,15,,,,,,,0,,SUGARCANE,"SUGARCANE, SUGAR - PRODUCTION, MEASURED IN TONS",TOTAL,NOT SPECIFIED,"9,868,000",
SURVEY,1955,YEAR,,STATE,LOUISIANA,22,,,,,,,0,,SUGARCANE,"SUGARCANE, SUGAR - PRODUCTION, MEASURED IN TONS",TOTAL,NOT SPECIFIED,"5,661,000",
SURVEY,1954,YEAR,,STATE,FLORIDA,12,,,,,,,0,,SUGARCANE,"SUGARCANE, SUGAR - PRODUCTION, MEASURED IN TONS",TOTAL,NOT SPECIFIED,"1,258,000",
SURVEY,1954,YEAR,,STATE,HAWAII,15,,,,,,,0,,SUGARCANE,"SUGARCANE, SUGAR - PRODUCTION, MEASURED IN TONS",TOTAL,NOT SPECIFIED,"9,432,000",
SURVEY,1954,YEAR,,STATE,LOUISIANA,22,,,,,,,0,,SUGARCANE,"SUGARCANE, SUGAR - PRODUCTION, MEASURED IN TONS",TOTAL,NOT SPECIFIED,"5,625,000",
SURVEY,1953,YEAR,,STATE,FLORIDA,12,,,,,,,0,,SUGARCANE,"SUGARCANE, SUGAR - PRODUCTION, MEASURED IN TONS",TOTAL,NOT SPECIFIED,"1,453,000",
SURVEY,1953,YEAR,,STATE,HAWAII,15,,,,,,,0,,SUGARCANE,"SUGARCANE, SUGAR - PRODUCTION, MEASURED IN TONS",TOTAL,NOT SPECIFIED,"9,004,000",
SURVEY,1953,YEAR,,STATE,LOUISIANA,22,,,,,,,0,,SUGARCANE,"SUGARCANE, SUGAR - PRODUCTION, MEASURED IN TONS",TOTAL,NOT SPECIFIED,"5,759,000",
SURVEY,1952,YEAR,,STATE,FLORIDA,12,,,,,,,0,,SUGARCANE,"SUGARCANE, SUGAR - PRODUCTION, MEASURED IN TONS",TOTAL,NOT SPECIFIED,"1,495,000",
SURVEY,1952,YEAR,,STATE,HAWAII,15,,,,,,,0,,SUGARCANE,"SUGARCANE, SUGAR - PRODUCTION, MEASURED IN TONS",TOTAL,NOT SPECIFIED,"8,694,000",
SURVEY,1952,YEAR,,STATE,LOUISIANA,22,,,,,,,0,,SUGARCANE,"SUGARCANE, SUGAR - PRODUCTION, MEASURED IN TONS",TOTAL,NOT SPECIFIED,"5,667,000",
SURVEY,1951,YEAR,,STATE,FLORIDA,12,,,,,,,0,,SUGARCANE,"SUGARCANE, SUGAR - PRODUCTION, MEASURED IN TONS",TOTAL,NOT SPECIFIED,"1,260,000",
SURVEY,1951,YEAR,,STATE,HAWAII,15,,,,,,,0,,SUGARCANE,"SUGARCANE, SUGAR - PRODUCTION, MEASURED IN TONS",TOTAL,NOT SPECIFIED,"8,477,000",
SURVEY,1951,YEAR,,STATE,LOUISIANA,22,,,,,,,0,,SUGARCANE,"SUGARCANE, SUGAR - PRODUCTION, MEASURED IN TONS",TOTAL,NOT SPECIFIED,"4,463,000",
SURVEY,1950,YEAR,,STATE,FLORIDA,12,,,,,,,0,,SUGARCANE,"SUGARCANE, SUGAR - PRODUCTION, MEASURED IN TONS",TOTAL,NOT SPECIFIED,"1,169,000",
SURVEY,1950,YEAR,,STATE,HAWAII,15,,,,,,,0,,SUGARCANE,"SUGARCANE, SUGAR - PRODUCTION, MEASURED IN TONS",TOTAL,NOT SPECIFIED,"8,175,000",
SURVEY,1950,YEAR,,STATE,LOUISIANA,22,,,,,,,0,,SUGARCANE,"SUGARCANE, SUGAR - PRODUCTION, MEASURED IN TONS",TOTAL,NOT SPECIFIED,"5,312,000",
SURVEY,1949,YEAR,,STATE,FLORIDA,12,,,,,,,0,,SUGARCANE,"SUGARCANE, SUGAR - PRODUCTION, MEASURED IN TONS",TOTAL,NOT SPECIFIED,"1,126,000",
SURVEY,1949,YEAR,,STATE,HAWAII,15,,,,,,,0,,SUGARCANE,"SUGARCANE, SUGAR - PRODUCTION, MEASURED IN TONS",TOTAL,NOT SPECIFIED,"8,046,000",
SURVEY,1949,YEAR,,STATE,LOUISIANA,22,,,,,,,0,,SUGARCANE,"SUGARCANE, SUGAR - PRODUCTION, MEASURED IN TONS",TOTAL,NOT SPECIFIED,"4,984,000",
SURVEY,1948,YEAR,,STATE,FLORIDA,12,,,,,,,0,,SUGARCANE,"SUGARCANE, SUGAR - PRODUCTION, MEASURED IN TONS",TOTAL,NOT SPECIFIED,"1,010,000",
SURVEY,1948,YEAR,,STATE,HAWAII,15,,,,,,,0,,SUGARCANE,"SUGARCANE, SUGAR - PRODUCTION, MEASURED IN TONS",TOTAL,NOT SPECIFIED,"7,543,000",
SURVEY,1948,YEAR,,STATE,LOUISIANA,22,,,,,,,0,,SUGARCANE,"SUGARCANE, SUGAR - PRODUCTION, MEASURED IN TONS",TOTAL,NOT SPECIFIED,"5,257,000",
SURVEY,1947,YEAR,,STATE,FLORIDA,12,,,,,,,0,,SUGARCANE,"SUGARCANE, SUGAR - PRODUCTION, MEASURED IN TONS",TOTAL,NOT SPECIFIED,"921,000",
SURVEY,1947,YEAR,,STATE,HAWAII,15,,,,,,,0,,SUGARCANE,"SUGARCANE, SUGAR - PRODUCTION, MEASURED IN TONS",TOTAL,NOT SPECIFIED,"7,942,000",
SURVEY,1947,YEAR,,STATE,LOUISIANA,22,,,,,,,0,,SUGARCANE,"SUGARCANE, SUGAR - PRODUCTION, MEASURED IN TONS",TOTAL,NOT SPECIFIED,"3,917,000",
SURVEY,1946,YEAR,,STATE,FLORIDA,12,,,,,,,0,,SUGARCANE,"SUGARCANE, SUGAR - PRODUCTION, MEASURED IN TONS",TOTAL,NOT SPECIFIED,"1,037,000",
SURVEY,1946,YEAR,,STATE,HAWAII,15,,,,,,,0,,SUGARCANE,"SUGARCANE, SUGAR - PRODUCTION, MEASURED IN TONS",TOTAL,NOT SPECIFIED,"6,002,000",
SURVEY,1946,YEAR,,STATE,LOUISIANA,22,,,,,,,0,,SUGARCANE,"SUGARCANE, SUGAR - PRODUCTION, MEASURED IN TONS",TOTAL,NOT SPECIFIED,"4,484,000",
SURVEY,1945,YEAR,,STATE,FLORIDA,12,,,,,,,0,,SUGARCANE,"SUGARCANE, SUGAR - PRODUCTION, MEASURED IN TONS",TOTAL,NOT SPECIFIED,"1,041,000",
SURVEY,1945,YEAR,,STATE,HAWAII,15,,,,,,,0,,SUGARCANE,"SUGARCANE, SUGAR - PRODUCTION, MEASURED IN TONS",TOTAL,NOT SPECIFIED,"7,371,000",
SURVEY,1945,YEAR,,STATE,LOUISIANA,22,,,,,,,0,,SUGARCANE,"SUGARCANE, SUGAR - PRODUCTION, MEASURED IN TONS",TOTAL,NOT SPECIFIED,"5,209,000",
SURVEY,1944,YEAR,,STATE,FLORIDA,12,,,,,,,0,,SUGARCANE,"SUGARCANE, SUGAR - PRODUCTION, MEASURED IN TONS",TOTAL,NOT SPECIFIED,"780,000",
SURVEY,1944,YEAR,,STATE,HAWAII,15,,,,,,,0,,SUGARCANE,"SUGARCANE, SUGAR - PRODUCTION, MEASURED IN TONS",TOTAL,NOT SPECIFIED,"7,832,000",
SURVEY,1944,YEAR,,STATE,LOUISIANA,22,,,,,,,0,,SUGARCANE,"SUGARCANE, SUGAR - PRODUCTION, MEASURED IN TONS",TOTAL,NOT SPECIFIED,"4,929,000",
SURVEY,1943,YEAR,,STATE,FLORIDA,12,,,,,,,0,,SUGARCANE,"SUGARCANE, SUGAR - PRODUCTION, MEASURED IN TONS",TOTAL,NOT SPECIFIED,"699,000",
SURVEY,1943,YEAR,,STATE,HAWAII,15,,,,,,,0,,SUGARCANE,"SUGARCANE, SUGAR - PRODUCTION, MEASURED IN TONS",TOTAL,NOT SPECIFIED,"8,185,000",
SURVEY,1943,YEAR,,STATE,LOUISIANA,22,,,,,,,0,,SUGARCANE,"SUGARCANE, SUGAR - PRODUCTION, MEASURED IN TONS",TOTAL,NOT SPECIFIED,"5,388,000",
SURVEY,1942,YEAR,,STATE,FLORIDA,12,,,,,,,0,,SUGARCANE,"SUGARCANE, SUGAR - PRODUCTION, MEASURED IN TONS",TOTAL,NOT SPECIFIED,"648,000",
SURVEY,1942,YEAR,,STATE,HAWAII,15,,,,,,,0,,SUGARCANE,"SUGARCANE, SUGAR - PRODUCTION, MEASURED IN TONS",TOTAL,NOT SPECIFIED,"7,918,000",
SURVEY,1942,YEAR,,STATE,LOUISIANA,22,,,,,,,0,,SUGARCANE,"SUGARCANE, SUGAR - PRODUCTION, MEASURED IN TONS",TOTAL,NOT SPECIFIED,"4,734,000",
SURVEY,1941,YEAR,,STATE,FLORIDA,12,,,,,,,0,,SUGARCANE,"SUGARCANE, SUGAR - PRODUCTION, MEASURED IN TONS",TOTAL,NOT SPECIFIED,"944,000",
SURVEY,1941,YEAR,,STATE,HAWAII,15,,,,,,,0,,SUGARCANE,"SUGARCANE, SUGAR - PRODUCTION, MEASURED IN TONS",TOTAL,NOT SPECIFIED,"8,560,000",
SURVEY,1941,YEAR,,STATE,LOUISIANA,22,,,,,,,0,,SUGARCANE,"SUGARCANE, SUGAR - PRODUCTION, MEASURED IN TONS",TOTAL,NOT SPECIFIED,"3,947,000",
SURVEY,1940,YEAR,,STATE,FLORIDA,12,,,,,,,0,,SUGARCANE,"SUGARCANE, SUGAR - PRODUCTION, MEASURED IN TONS",TOTAL,NOT SPECIFIED,"933,000",
SURVEY,1940,YEAR,,STATE,HAWAII,15,,,,,,,0,,SUGARCANE,"SUGARCANE, SUGAR - PRODUCTION, MEASURED IN TONS",TOTAL,NOT SPECIFIED,"8,557,000",
SURVEY,1940,YEAR,,STATE,LOUISIANA,22,,,,,,,0,,SUGARCANE,"SUGARCANE, SUGAR - PRODUCTION, MEASURED IN TONS",TOTAL,NOT SPECIFIED,"2,923,000",
SURVEY,1939,YEAR,,STATE,FLORIDA,12,,,,,,,0,,SUGARCANE,"SUGARCANE, SUGAR - PRODUCTION, MEASURED IN TONS",TOTAL,NOT SPECIFIED,"714,000",
SURVEY,1939,YEAR,,STATE,HAWAII,15,,,,,,,0,,SUGARCANE,"SUGARCANE, SUGAR - PRODUCTION, MEASURED IN TONS",TOTAL,NOT SPECIFIED,"8,610,000",
SURVEY,1939,YEAR,,STATE,LOUISIANA,22,,,,,,,0,,SUGARCANE,"SUGARCANE, SUGAR - PRODUCTION, MEASURED IN TONS",TOTAL,NOT SPECIFIED,"5,084,000",
SURVEY,1938,YEAR,,STATE,FLORIDA,12,,,,,,,0,,SUGARCANE,"SUGARCANE, SUGAR - PRODUCTION, MEASURED IN TONS",TOTAL,NOT SPECIFIED,"882,000",
SURVEY,1938,YEAR,,STATE,HAWAII,15,,,,,,,0,,SUGARCANE,"SUGARCANE, SUGAR - PRODUCTION, MEASURED IN TONS",TOTAL,NOT SPECIFIED,"8,835,000",
SURVEY,1938,YEAR,,STATE,LOUISIANA,22,,,,,,,0,,SUGARCANE,"SUGARCANE, SUGAR - PRODUCTION, MEASURED IN TONS",TOTAL,NOT SPECIFIED,"5,859,000",
SURVEY,1937,YEAR,,STATE,FLORIDA,12,,,,,,,0,,SUGARCANE,"SUGARCANE, SUGAR - PRODUCTION, MEASURED IN TONS",TOTAL,NOT SPECIFIED,"634,000",
SURVEY,1937,YEAR,,STATE,HAWAII,15,,,,,,,0,,SUGARCANE,"SUGARCANE, SUGAR - PRODUCTION, MEASURED IN TONS",TOTAL,NOT SPECIFIED,"8,803,000",
SURVEY,1937,YEAR,,STATE,LOUISIANA,22,,,,,,,0,,SUGARCANE,"SUGARCANE, SUGAR - PRODUCTION, MEASURED IN TONS",TOTAL,NOT SPECIFIED,"5,241,000",
SURVEY,1936,YEAR,,STATE,FLORIDA,12,,,,,,,0,,SUGARCANE,"SUGARCANE, SUGAR - PRODUCTION, MEASURED IN TONS",TOTAL,NOT SPECIFIED,"565,000",
SURVEY,1936,YEAR,,STATE,HAWAII,15,,,,,,,0,,SUGARCANE,"SUGARCANE, SUGAR - PRODUCTION, MEASURED IN TONS",TOTAL,NOT SPECIFIED,"9,170,000",
SURVEY,1936,YEAR,,STATE,LOUISIANA,22,,,,,,,0,,SUGARCANE,"SUGARCANE, SUGAR - PRODUCTION, MEASURED IN TONS",TOTAL,NOT SPECIFIED,"4,854,000",
SURVEY,1935,YEAR,,STATE,FLORIDA,12,,,,,,,0,,SUGARCANE,"SUGARCANE, SUGAR - PRODUCTION, MEASURED IN TONS",TOTAL,NOT SPECIFIED,"486,000",
SURVEY,1935,YEAR,,STATE,HAWAII,15,,,,,,,0,,SUGARCANE,"SUGARCANE, SUGAR - PRODUCTION, MEASURED IN TONS",TOTAL,NOT SPECIFIED,"8,555,000",
SURVEY,1935,YEAR,,STATE,LOUISIANA,22,,,,,,,0,,SUGARCANE,"SUGARCANE, SUGAR - PRODUCTION, MEASURED IN TONS",TOTAL,NOT SPECIFIED,"4,183,000",
SURVEY,1934,YEAR,,STATE,FLORIDA,12,,,,,,,0,,SUGARCANE,"SUGARCANE, SUGAR - PRODUCTION, MEASURED IN TONS",TOTAL,NOT SPECIFIED,"383,000",
SURVEY,1934,YEAR,,STATE,HAWAII,15,,,,,,,0,,SUGARCANE,"SUGARCANE, SUGAR - PRODUCTION, MEASURED IN TONS",TOTAL,NOT SPECIFIED,"7,992,000",
SURVEY,1934,YEAR,,STATE,LOUISIANA,22,,,,,,,0,,SUGARCANE,"SUGARCANE, SUGAR - PRODUCTION, MEASURED IN TONS",TOTAL,NOT SPECIFIED,"3,164,000",
SURVEY,1933,YEAR,,STATE,FLORIDA,12,,,,,,,0,,SUGARCANE,"SUGARCANE, SUGAR - PRODUCTION, MEASURED IN TONS",TOTAL,NOT SPECIFIED,"469,000",
SURVEY,1933,YEAR,,STATE,LOUISIANA,22,,,,,,,0,,SUGARCANE,"SUGARCANE, SUGAR - PRODUCTION, MEASURED IN TONS",TOTAL,NOT SPECIFIED,"2,600,000",
SURVEY,1932,YEAR,,STATE,FLORIDA,12,,,,,,,0,,SUGARCANE,"SUGARCANE, SUGAR - PRODUCTION, MEASURED IN TONS",TOTAL,NOT SPECIFIED,"421,000",
SURVEY,1932,YEAR,,STATE,LOUISIANA,22,,,,,,,0,,SUGARCANE,"SUGARCANE, SUGAR - PRODUCTION, MEASURED IN TONS",TOTAL,NOT SPECIFIED,"2,886,000",
SURVEY,1931,YEAR,,STATE,FLORIDA,12,,,,,,,0,,SUGARCANE,"SUGARCANE, SUGAR - PRODUCTION, MEASURED IN TONS",TOTAL,NOT SPECIFIED,"292,000",
SURVEY,1931,YEAR,,STATE,LOUISIANA,22,,,,,,,0,,SUGARCANE,"SUGARCANE, SUGAR - PRODUCTION, MEASURED IN TONS",TOTAL,NOT SPECIFIED,"2,232,000",
SURVEY,1930,YEAR,,STATE,FLORIDA,12,,,,,,,0,,SUGARCANE,"SUGARCANE, SUGAR - PRODUCTION, MEASURED IN TONS",TOTAL,NOT SPECIFIED,"351,000",
SURVEY,1930,YEAR,,STATE,LOUISIANA,22,,,,,,,0,,SUGARCANE,"SUGARCANE, SUGAR - PRODUCTION, MEASURED IN TONS",TOTAL,NOT SPECIFIED,"2,559,000",
SURVEY,1929,YEAR,,STATE,FLORIDA,12,,,,,,,0,,SUGARCANE,"SUGARCANE, SUGAR - PRODUCTION, MEASURED IN TONS",TOTAL,NOT SPECIFIED,"202,000",
SURVEY,1929,YEAR,,STATE,LOUISIANA,22,,,,,,,0,,SUGARCANE,"SUGARCANE, SUGAR - PRODUCTION, MEASURED IN TONS",TOTAL,NOT SPECIFIED,"2,918,000",
SURVEY,1928,YEAR,,STATE,FLORIDA,12,,,,,,,0,,SUGARCANE,"SUGARCANE, SUGAR - PRODUCTION, MEASURED IN TONS",TOTAL,NOT SPECIFIED,"13,000",
SURVEY,1928,YEAR,,STATE,LOUISIANA,22,,,,,,,0,,SUGARCANE,"SUGARCANE, SUGAR - PRODUCTION, MEASURED IN TONS",TOTAL,NOT SPECIFIED,"1,860,000",
SURVEY,1927,YEAR,,STATE,LOUISIANA,22,,,,,,,0,,SUGARCANE,"SUGARCANE, SUGAR - PRODUCTION, MEASURED IN TONS",TOTAL,NOT SPECIFIED,"962,000",
SURVEY,1926,YEAR,,STATE,LOUISIANA,22,,,,,,,0,,SUGARCANE,"SUGARCANE, SUGAR - PRODUCTION, MEASURED IN TONS",TOTAL,NOT SPECIFIED,"864,000",
SURVEY,1925,YEAR,,STATE,LOUISIANA,22,,,,,,,0,,SUGARCANE,"SUGARCANE, SUGAR - PRODUCTION, MEASURED IN TONS",TOTAL,NOT SPECIFIED,"2,644,000",
SURVEY,1924,YEAR,,STATE,LOUISIANA,22,,,,,,,0,,SUGARCANE,"SUGARCANE, SUGAR - PRODUCTION, MEASURED IN TONS",TOTAL,NOT SPECIFIED,"1,228,000",
SURVEY,1923,YEAR,,STATE,LOUISIANA,22,,,,,,,0,,SUGARCANE,"SUGARCANE, SUGAR - PRODUCTION, MEASURED IN TONS",TOTAL,NOT SPECIFIED,"2,387,000",
SURVEY,1923,YEAR,,STATE,TEXAS,48,,,,,,,0,,SUGARCANE,"SUGARCANE, SUGAR - PRODUCTION, MEASURED IN TONS",TOTAL,NOT SPECIFIED,"40,000",
SURVEY,1922,YEAR,,STATE,LOUISIANA,22,,,,,,,0,,SUGARCANE,"SUGARCANE, SUGAR - PRODUCTION, MEASURED IN TONS",TOTAL,NOT SPECIFIED,"3,778,000",
SURVEY,1922,YEAR,,STATE,TEXAS,48,,,,,,,0,,SUGARCANE,"SUGARCANE, SUGAR - PRODUCTION, MEASURED IN TONS",TOTAL,NOT SPECIFIED,"9,000",
SURVEY,1921,YEAR,,STATE,LOUISIANA,22,,,,,,,0,,SUGARCANE,"SUGARCANE, SUGAR - PRODUCTION, MEASURED IN TONS",TOTAL,NOT SPECIFIED,"4,181,000",
SURVEY,1921,YEAR,,STATE,TEXAS,48,,,,,,,0,,SUGARCANE,"SUGARCANE, SUGAR - PRODUCTION, MEASURED IN TONS",TOTAL,NOT SPECIFIED,"47,000",
SURVEY,1920,YEAR,,STATE,LOUISIANA,22,,,,,,,0,,SUGARCANE,"SUGARCANE, SUGAR - PRODUCTION, MEASURED IN TONS",TOTAL,NOT SPECIFIED,"2,493,000",
SURVEY,1920,YEAR,,STATE,TEXAS,48,,,,,,,0,,SUGARCANE,"SUGARCANE, SUGAR - PRODUCTION, MEASURED IN TONS",TOTAL,NOT SPECIFIED,"100,000",
SURVEY,1919,YEAR,,STATE,LOUISIANA,22,,,,,,,0,,SUGARCANE,"SUGARCANE, SUGAR - PRODUCTION, MEASURED IN TONS",TOTAL,NOT SPECIFIED,"1,883,000",
SURVEY,1919,YEAR,,STATE,TEXAS,48,,,,,,,0,,SUGARCANE,"SUGARCANE, SUGAR - PRODUCTION, MEASURED IN TONS",TOTAL,NOT SPECIFIED,"16,000",
SURVEY,1918,YEAR,,STATE,LOUISIANA,22,,,,,,,0,,SUGARCANE,"SUGARCANE, SUGAR - PRODUCTION, MEASURED IN TONS",TOTAL,NOT SPECIFIED,"4,170,000",
SURVEY,1918,YEAR,,STATE,TEXAS,48,,,,,,,0,,SUGARCANE,"SUGARCANE, SUGAR - PRODUCTION, MEASURED IN TONS",TOTAL,NOT SPECIFIED,"50,000",
SURVEY,1917,YEAR,,STATE,LOUISIANA,22,,,,,,,0,,SUGARCANE,"SUGARCANE, SUGAR - PRODUCTION, MEASURED IN TONS",TOTAL,NOT SPECIFIED,"3,813,000",
SURVEY,1917,YEAR,,STATE,TEXAS,48,,,,,,,0,,SUGARCANE,"SUGARCANE, SUGAR - PRODUCTION, MEASURED IN TONS",TOTAL,NOT SPECIFIED,"32,000",
SURVEY,1916,YEAR,,STATE,LOUISIANA,22,,,,,,,0,,SUGARCANE,"SUGARCANE, SUGAR - PRODUCTION, MEASURED IN TONS",TOTAL,NOT SPECIFIED,"4,072,000",
SURVEY,1916,YEAR,,STATE,TEXAS,48,,,,,,,0,,SUGARCANE,"SUGARCANE, SUGAR - PRODUCTION, MEASURED IN TONS",TOTAL,NOT SPECIFIED,"99,000",
SURVEY,1915,YEAR,,STATE,LOUISIANA,22,,,,,,,0,,SUGARCANE,"SUGARCANE, SUGAR - PRODUCTION, MEASURED IN TONS",TOTAL,NOT SPECIFIED,"2,018,000",
SURVEY,1915,YEAR,,STATE,TEXAS,48,,,,,,,0,,SUGARCANE,"SUGARCANE, SUGAR - PRODUCTION, MEASURED IN TONS",TOTAL,NOT SPECIFIED,"16,000",
SURVEY,1914,YEAR,,STATE,LOUISIANA,22,,,,,,,0,,SUGARCANE,"SUGARCANE, SUGAR - PRODUCTION, MEASURED IN TONS",TOTAL,NOT SPECIFIED,"3,199,000",
SURVEY,1914,YEAR,,STATE,TEXAS,48,,,,,,,0,,SUGARCANE,"SUGARCANE, SUGAR - PRODUCTION, MEASURED IN TONS",TOTAL,NOT SPECIFIED,"57,000",
SURVEY,1913,YEAR,,STATE,LOUISIANA,22,,,,,,,0,,SUGARCANE,"SUGARCANE, SUGAR - PRODUCTION, MEASURED IN TONS",TOTAL,NOT SPECIFIED,"4,214,000",
SURVEY,1913,YEAR,,STATE,TEXAS,48,,,,,,,0,,SUGARCANE,"SUGARCANE, SUGAR - PRODUCTION, MEASURED IN TONS",TOTAL,NOT SPECIFIED,"112,000",
SURVEY,1912,YEAR,,STATE,LOUISIANA,22,,,,,,,0,,SUGARCANE,"SUGARCANE, SUGAR - PRODUCTION, MEASURED IN TONS",TOTAL,NOT SPECIFIED,"2,163,000",
SURVEY,1912,YEAR,,STATE,TEXAS,48,,,,,,,0,,SUGARCANE,"SUGARCANE, SUGAR - PRODUCTION, MEASURED IN TONS",TOTAL,NOT SPECIFIED,"129,000",
SURVEY,1911,YEAR,,STATE,LOUISIANA,22,,,,,,,0,,SUGARCANE,"SUGARCANE, SUGAR - PRODUCTION, MEASURED IN TONS",TOTAL,NOT SPECIFIED,"5,887,000",
SURVEY,1911,YEAR,,STATE,TEXAS,48,,,,,,,0,,SUGARCANE,"SUGARCANE, SUGAR - PRODUCTION, MEASURED IN TONS",TOTAL,NOT SPECIFIED,"123,000",
SURVEY,1910,YEAR,,STATE,LOUISIANA,22,,,,,,,0,,SUGARCANE,"SUGARCANE, SUGAR - PRODUCTION, MEASURED IN TONS",TOTAL,NOT SPECIFIED,"5,046,000",
SURVEY,1910,YEAR,,STATE,TEXAS,48,,,,,,,0,,SUGARCANE,"SUGARCANE, SUGAR - PRODUCTION, MEASURED IN TONS",TOTAL,NOT SPECIFIED,"176,000",
SURVEY,1909,YEAR,,STATE,LOUISIANA,22,,,,,,,0,,SUGARCANE,"SUGARCANE, SUGAR - PRODUCTION, MEASURED IN TONS",TOTAL,NOT SPECIFIED,"4,229,000",
SURVEY,1909,YEAR,,STATE,TEXAS,48,,,,,,,0,,SUGARCANE,"SUGARCANE, SUGAR - PRODUCTION, MEASURED IN TONS",TOTAL,NOT SPECIFIED,"160,000",
